OBJECTID,COCNAME,STUSAB,COCNUM,STATE_NAME,PPRN,ES_CN_HWACW,ES_CN_HWOA_TOT,ES_CN_HWOC,ES_CN_VET,ES_VSO_HWAC_TOT,ES_VSO_HWOA_TOT,ES_VSO_HWOC_TOT,ES_VSO_VET_TOT,TH_CN_HWAC_TOT,TH_CN_HWOA,TH_CN_HWOC,TH_CN_VET,RRH_CN_HWAC_TOT,RRH_CN_HWOA,RRH_CN_HWOC,RRH_CN_VET,PSH_CN_HWAC_TOT,PSH_CN_HWOA,PSH_CN_HWOC,PSH_CN_VET,PSH_CN_CH,PSH_U_HWAC_TOT,PSH_U_HWOA,PSH_U_HWOC,PSH_U_VET,PSH_U_CH,SH_CN_HWOA,SH_CN_HWOC,SH_CN_VET,SH_PERS_HWOA,UNSH_PERS_HWOA,SH_PERS_HWOC,UNSH_PERS_HWOC,SH_PERS_HWAC,UNSH_PERS_HWAC,SH_CH,UNSH_CH,SH_UY,UNSH_UY,SH_VETS,UNSH_VETS,STATE,Contact_Type,Prefix,First_Name,Last_Name,Suffix,Title,Primary_Phone,Primary_Phone_Ext,Fax,Email_Address,YEAR,Shape__Area,Shape__Length
1,Anchorage CoC,,AK-500,Alaska,2285174,,,,,,,,,,,,,,,,,,,,,,0,0,0,0,0,,,,,336,10,0,378,10,336,48,,,59,11,,,,,,,,,,,,,19229920380.7188,738547.12284853
2,Alaska Balance of State CoC,,AK-501,Alaska,787781,,,,,,,,,,,,,,,,,,,,,,0,0,0,0,0,,,,,129,11,4,279,0,203,64,,,28,8,,,,,,,,,,,,,8121683955228.24,123340582.24081
3,"Birmingham/Jefferson, St. Clair, Shelby Counties CoC",,AL-500,Alabama,10512736,,,,,,,,,,,,,,,,,,,,,,0,0,0,0,0,,,,,389,4,0,120,6,115,113,,,60,20,,,,,,,,,,,,,9665540759.21484,623009.677219009
4,Mobile City & County/Baldwin County CoC,,AL-501,Alabama,5414310,,,,,,,,,,,,,,,,,,,,,,0,0,0,0,0,,,,,280,0,0,163,71,19,101,,,58,25,,,,,,,,,,,,,10208319088.3535,1198697.53839189
5,Florence/Northwest Alabama CoC,,AL-502,Alabama,975779,,,,,,,,,,,,,,,,,,,,,,0,0,0,0,0,,,,,54,8,0,74,0,0,0,,,3,3,,,,,,,,,,,,,15596814200.6367,551552.341414084
6,Huntsville/North Alabama CoC,,AL-503,Alabama,1679560,,,,,,,,,,,,,,,,,,,,,,0,0,0,0,0,,,,,232,19,0,100,13,6,65,,,21,1,,,,,,,,,,,,,7752045501.88281,448446.51656635
7,Montgomery City & County CoC,,AL-504,Alabama,2701256,,,,,,,,,,,,,,,,,,,,,,0,0,0,0,0,,,,,135,0,1,89,5,19,41,,,33,5,,,,,,,,,,,,,12406634606.2734,734411.968589695
8,Gadsden/Northeast Alabama CoC,,AL-505,Alabama,1590025,,,,,,,,,,,,,,,,,,,,,,0,0,0,0,0,,,,,281,0,0,0,3,8,44,,,6,11,,,,,,,,,,,,,9625401144.80469,561535.89541385
9,Tuscaloosa City & County CoC,,AL-506,Alabama,711666,,,,,,,,,,,,,,,,,,,,,,0,0,0,0,0,,,,,17,0,0,18,0,5,0,,,7,0,,,,,,,,,,,,,5022046114.66406,349027.237531744
10,Alabama Balance of State CoC,,AL-507,Alabama,5321307,,,,,,,,,,,,,,,,,,,,,,0,0,0,0,0,,,,,687,0,4,26,447,17,267,,,0,35,,,,,,,,,,,,,106733557844.668,3685309.79528104
11,"Dothan/Coffee, Dale, Geneva, Henry, Houston County CoC",,AL-508,Alabama,919320,,,,,,,,,,,,,,,,,,,,,,0,0,0,0,0,,,,,61,0,0,24,12,4,7,,,3,0,,,,,,,,,,,,,10580985020.5332,471947.729843234
12,Little Rock/Central Arkansas CoC,,AR-500,Arkansas,3048987,,,,,,,,,,,,,,,,,,,,,,0,0,0,0,0,,,,,366,0,0,383,98,292,402,,,54,21,,,,,,,,,,,,,11601053467.168,697242.063579484
13,Fayetteville/Northwest Arkansas CoC,,AR-501,Arkansas,2010855,,,,,,,,,,,,,,,,,,,,,,0,0,0,0,0,,,,,177,0,0,65,16,56,94,,,32,18,,,,,,,,,,,,,13186174619.6172,499815.867557032
14,Arkansas Balance of State  CoC,,AR-503,Arkansas,5210075,,,,,,,,,,,,,,,,,,,,,,0,0,0,0,0,,,,,459,2,2,94,21,38,92,,,33,27,,,,,,,,,,,,,120758190586.82,3128741.18264284
15,Southeast Arkansas CoC,,AR-505,Arkansas,1357149,,,,,,,,,,,,,,,,,,,,,,0,0,0,0,0,,,,,32,0,0,7,0,0,0,,,1,0,,,,,,,,,,,,,43338438696.6094,1287326.4077104
16,Fort Smith CoC,,AR-508,Arkansas,1071018,,,,,,,,,,,,,,,,,,,,,,0,0,0,0,0,,,,,163,0,0,64,0,40,80,,,24,16,,,,,,,,,,,,,16518854418.707,722641.163083126
17,American Samoa CoC,,AS-500,American Samoa,824643,,,,,,,,,,,,,,,,,,,,,,,,,,,,,,,,,,,,,,,,,,,,,,,,,,,,,,212040874.617188,268410.603014846
18,Arizona Balance of State CoC,,AZ-500,Arizona,6456360,,,,,,,,,,,,,,,,,,,,,,0,0,0,0,0,,,,,1642,5,2,397,290,190,717,,,222,151,,,,,,,,,,,,,366339477734.992,4096033.3392743
19,Tucson/Pima County CoC,,AZ-501,Arizona,9297135,,,,,,,,,,,,,,,,,,,,,,0,0,0,0,0,,,,,1275,0,1,316,5,195,603,,,108,73,,,,,,,,,,,,,32824196964.7656,1036574.88919018
20,"Phoenix, Mesa/Maricopa County CoC",,AZ-502,Arizona,33715218,,,,,,,,,,,,,,,,,,,,,,0,0,0,0,0,,,,,3837,21,17,1867,222,1478,657,,,347,93,,,,,,,,,,,,,34443798072.6406,1041299.17820947
21,San Jose/Santa Clara City & County CoC,,CA-500,California,13359120,,,,,,,,,,,,,,,,,,,,,,0,0,0,0,0,,,,,7065,9,103,1142,233,1224,2913,,,99,351,,,,,,,,,,,,,5314569634.3125,473007.522806153
22,San Francisco CoC,,CA-501,California,23030878,,,,,,,,,,,,,,,,,,,,,,0,134,0,0,104,,,,,4053,6,39,841,262,1675,1314,,,119,468,,,,,,,,,,,,,196845530.402344,157066.867749772
23,"Oakland, Berkeley/Alameda County CoC",,CA-502,California,18985729,,,,,,,,,,,,,,,,,,,,,,0,0,0,0,0,,,,,6226,15,11,593,106,1391,2441,,,140,384,,,,,,,,,,,,,3079066676.10156,467976.350404184
24,Sacramento City & County CoC,,CA-503,California,13775491,,,,,,,,,,,,,,,,,,,,,,18,27,0,0,0,,,,,3895,12,13,1044,36,962,612,,,217,101,,,,,,,,,,,,,4205477023.53906,406562.500101858
25,"Santa Rosa, Petaluma/Sonoma County CoC",,CA-504,California,2736525,,,,,,,,,,,,,,,,,,,,,,0,0,0,0,0,,,,,1561,9,5,187,11,189,417,,,24,138,,,,,,,,,,,,,6736659698.0625,510231.288662995
26,Contra Costa County CoC,,CA-505,California,6919280,,,,,,,,,,,,,,,,,,,,,,46,0,0,0,0,,,,,1842,3,0,211,117,355,1272,,,30,116,,,,,,,,,,,,,3162673841.21875,370998.309740251
27,"Salinas/Monterey, San Benito Counties CoC",,CA-506,California,3650461,,,,,,,,,,,,,,,,,,,,,,0,0,0,0,0,,,,,2239,0,3,298,137,252,847,,,66,101,,,,,,,,,,,,,18815013051.3711,751563.344929112
28,Marin County CoC,,CA-507,California,695257,,,,,,,,,,,,,,,,,,,,,,0,0,0,0,0,,,,,719,0,0,135,69,111,106,,,13,31,,,,,,,,,,,,,2199856273.06641,515484.972615056
29,Watsonville/Santa Cruz City & County CoC,,CA-508,California,1250461,,,,,,,,,,,,,,,,,,,,,,0,0,0,0,0,,,,,1475,0,0,161,10,148,562,,,16,56,,,,,,,,,,,,,1819820077.81641,290743.555396725
30,Mendocino County CoC,,CA-509,California,596553,,,,,,,,,,,,,,,,,,,,,,0,0,0,0,0,,,,,527,0,1,68,24,93,61,,,12,7,,,,,,,,,,,,,15271936262.1406,783330.422948907
31,"Turlock, Modesto/Stanislaus County CoC",,CA-510,California,5267690,,,,,,,,,,,,,,,,,,,,,,2,86,0,0,67,,,,,973,0,0,258,7,282,272,,,39,40,,,,,,,,,,,,,6251108374.07422,478221.718022492
32,Stockton/San Joaquin County CoC,,CA-511,California,7856804,,,,,,,,,,,,,,,,,,,,,,0,0,0,0,0,,,,,3438,9,17,440,14,309,778,,,52,197,,,,,,,,,,,,,5949609737.79297,418974.421524909
33,Daly City/San Mateo County CoC,,CA-512,California,4138382,,,,,,,,,,,,,,,,,,,,,,0,0,0,0,0,,,,,1034,2,0,452,111,302,410,,,32,10,,,,,,,,,,,,,1878352695.66016,335490.604159464
34,"Visalia/Kings, Tulare Counties CoC",,CA-513,California,3335884,,,,,,,,,,,,,,,,,,,,,,50,57,0,0,107,,,,,1216,0,0,107,125,23,445,,,8,74,,,,,,,,,,,,,24824515553.0898,771014.762532171
35,Fresno City & County/Madera County CoC,,CA-514,California,13602107,,,,,,,,,,,,,,,,,,,,,,0,0,0,0,0,,,,,2703,0,2,394,53,558,1143,,,42,170,,,,,,,,,,,,,33113548922.9844,1008988.0188214
36,"Roseville, Rocklin/Placer County CoC",,CA-515,California,915771,,,,,,,,,,,,,,,,,,,,,,0,0,0,0,0,,,,,345,0,1,95,20,138,123,,,15,30,,,,,,,,,,,,,6462793322.41797,533218.114484871
37,"Redding/Shasta, Siskiyou, Lassen, Plumas, Del Norte, Modoc, Sierra Counties CoC",,CA-516,California,1550641,,,,,,,,,,,,,,,,,,,,,,0,0,0,0,0,,,,,1407,1,1,349,26,128,618,,,46,98,,,,,,,,,,,,,108029828659.789,2163332.49434262
38,Napa City & County CoC,,CA-517,California,542267,,,,,,,,,,,,,,,,,,,,,,0,0,0,0,0,,,,,197,0,0,39,6,88,123,,,8,8,,,,,,,,,,,,,3356210847.05469,367099.637851873
39,Vallejo/Solano County CoC,,CA-518,California,1430059,,,,,,,,,,,,,,,,,,,,,,0,0,0,0,0,,,,,1390,1,6,32,40,42,462,,,22,64,,,,,,,,,,,,,3743986745.33594,340618.664252183
40,"Chico, Paradise/Butte County CoC",,CA-519,California,921364,,,,,,,,,,,,,,,,,,,,,,0,15,0,0,15,,,,,564,5,3,161,13,295,218,,,44,35,,,,,,,,,,,,,7340032657.02344,525974.967256863
41,Merced City & County CoC,,CA-520,California,1498957,,,,,,,,,,,,,,,,,,,,,,0,0,0,0,0,,,,,425,0,0,96,3,105,183,,,6,17,,,,,,,,,,,,,8090347124.28906,433573.780157503
42,"Davis, Woodland/Yolo County CoC",,CA-521,California,952289,,,,,,,,,,,,,,,,,,,,,,0,0,0,0,0,,,,,615,0,0,65,18,90,295,,,6,17,,,,,,,,,,,,,4350022781.13672,420644.01447533
43,Humboldt County CoC,,CA-522,California,1098914,,,,,,,,,,,,,,,,,,,,,,0,0,0,0,0,,,,,1128,5,0,157,66,104,447,,,27,60,,,,,,,,,,,,,16162348376.3281,818109.748756751
44,"Colusa, Glenn, Trinity Counties CoC",,CA-523,California,363192,,,,,,,,,,,,,,,,,,,,,,0,0,0,0,0,,,,,117,0,0,56,12,7,61,,,4,9,,,,,,,,,,,,,25235236012.3672,1378139.48305551
45,Yuba City & County/Sutter County CoC,,CA-524,California,766352,,,,,,,,,,,,,,,,,,,,,,0,0,0,0,0,,,,,572,0,0,56,110,111,292,,,8,43,,,,,,,,,,,,,5402061212.37891,516190.536376076
46,El Dorado County CoC,,CA-525,California,589588,,,,,,,,,,,,,,,,,,,,,,0,0,0,0,0,,,,,117,6,5,19,13,31,29,,,6,6,,,,,,,,,,,,,7624180688.93359,467800.05849306
47,"Amador, Calaveras, Mariposa, Tuolumne Counties CoC",,CA-526,California,693333,,,,,,,,,,,,,,,,,,,,,,0,0,0,0,0,,,,,490,0,0,99,35,18,74,,,9,18,,,,,,,,,,,,,22471244627.3867,778671.514949708
48,Tehama County CoC,,CA-527,California,326369,,,,,,,,,,,,,,,,,,,,,,0,0,0,0,0,,,,,236,0,0,40,11,0,106,,,1,21,,,,,,,,,,,,,13137374344.3516,624791.399048027
49,Lake County CoC,,CA-529,California,318698,,,,,,,,,,,,,,,,,,,,,,0,0,0,0,0,,,,,371,0,1,72,63,26,143,,,6,14,,,,,,,,,,,,,5719579354.21094,468540.903802958
50,"Alpine, Inyo, Mono Counties CoC",,CA-530,California,189400,,,,,,,,,,,,,,,,,,,,,,10,8,0,0,0,,,,,69,0,0,11,0,1,15,,,0,3,,,,,,,,,,,,,57307378897.8594,1664979.75536505
51,Nevada County CoC,,CA-531,California,439648,,,,,,,,,,,,,,,,,,,,,,0,0,0,0,0,,,,,227,0,1,73,30,71,110,,,5,9,,,,,,,,,,,,,4217589735.02734,433811.067413802
52,Los Angeles City & County CoC,,CA-600,California,102357817,,,,,,,,,,,,,,,,,,,,,,0,2589,0,265,0,,,,,46592,37,72,7862,2845,5349,24474,,,957,2034,,,,,,,,,,,,,15156357860.7148,1168518.23437477
53,San Diego City and County CoC,,CA-601,California,27401155,,,,,,,,,,,,,,,,,,,,,,32,141,0,30,32,,,,,5955,11,13,1421,142,1072,2688,,,321,544,,,,,,,,,,,,,15655896657.6172,773016.635186081
54,"Santa Ana, Anaheim/Orange County CoC",,CA-602,California,24155943,,,,,,,,,,,,,,,,,,,,,,0,162,0,88,0,,,,,3993,6,0,948,180,877,1600,,,80,248,,,,,,,,,,,,,2997660933.17578,295515.333231309
55,Santa Maria/Santa Barbara County CoC,,CA-603,California,2816851,,,,,,,,,,,,,,,,,,,,,,0,47,0,0,36,,,,,1236,9,0,268,96,300,388,,,29,61,,,,,,,,,,,,,10554808249.4688,862473.804200364
56,Bakersfield/Kern County CoC,,CA-604,California,10513531,,,,,,,,,,,,,,,,,,,,,,0,0,0,0,0,,,,,1645,6,1,199,17,324,464,,,44,49,,,,,,,,,,,,,31854095671.9023,861842.150166333
57,Long Beach CoC,,CA-606,California,6159139,,,,,,,,,,,,,,,,,,,,,,0,150,0,8,150,,,,,2428,0,0,76,27,387,1347,,,201,181,,,,,,,,,,,,,194503411.71875,204541.468857007
58,Pasadena CoC,,CA-607,California,2597171,,,,,,,,,,,,,,,,,,,,,,0,69,0,0,69,,,,,310,0,0,90,11,70,170,,,1,32,,,,,,,,,,,,,87600821.28125,104561.946205448
59,Riverside City & County CoC,,CA-608,California,17536864,,,,,,,,,,,,,,,,,,,,,,0,0,0,0,0,,,,,2418,22,3,736,20,338,659,,,68,198,,,,,,,,,,,,,27426522148.9141,911422.462029355
60,San Bernardino City & County CoC,,CA-609,California,19139290,,,,,,,,,,,,,,,,,,,,,,0,0,0,0,0,,,,,2994,7,6,420,55,240,1698,,,35,211,,,,,,,,,,,,,77494108527.1094,1247144.0375987
61,"Oxnard, San Buenaventura/Ventura County CoC",,CA-611,California,5322483,,,,,,,,,,,,,,,,,,,,,,0,289,0,54,231,,,,,1392,1,0,332,39,364,678,,,38,69,,,,,,,,,,,,,7085476190.75391,481419.023415757
62,Glendale CoC,,CA-612,California,2110074,,,,,,,,,,,,,,,,,,,,,,0,0,0,0,0,,,,,78,0,0,70,2,12,38,,,1,4,,,,,,,,,,,,,116119836.960938,70275.4651341247
63,Imperial County CoC,,CA-613,California,977432,,,,,,,,,,,,,,,,,,,,,,0,0,0,0,0,,,,,1323,0,0,56,52,33,470,,,0,37,,,,,,,,,,,,,16558719722.2539,593101.351215236
64,San Luis Obispo County CoC,,CA-614,California,2179928,,,,,,,,,,,,,,,,,,,,,,0,30,0,0,30,,,,,778,0,0,121,22,74,281,,,3,46,,,,,,,,,,,,,12967042869.8711,782616.055869138
65,Colorado Balance of State CoC,,CO-500,Colorado,4096351,,,,,,,,,,,,,,,,,,,,,,0,0,0,0,0,,,,,1214,6,1,313,127,94,673,,,57,140,,,,,,,,,,,,,388418950281.66,3687755.61455699
66,Metropolitan Denver CoC,,CO-503,Colorado,16736705,,,,,,,,,,,,,,,,,,,,,,0,0,0,0,0,,,,,2816,17,22,7324,81,1695,1641,,,390,257,,,,,,,,,,,,,19892480087.5547,949090.253999235
67,Colorado Springs/El Paso County CoC,,CO-504,Colorado,4115640,,,,,,,,,,,,,,,,,,,,,,0,0,0,0,0,,,,,258,3,1,451,0,127,155,,,67,22,,,,,,,,,,,,,9102348965.42578,404850.435338391
68,"Fort Collins, Greeley, Loveland/Larimer, Weld Counties CoC",,CO-505,Colorado,1802026,,,,,,,,,,,,,,,,,,,,,,0,0,0,0,0,,,,,265,0,2,219,4,154,100,,,24,21,,,,,,,,,,,,,29897012825.0859,1026185.85061533
69,"Bridgeport, Stamford, Norwalk, Danbury/Fairfield County CoC",,CT-503,Connecticut,5773705,,,,,,,,,,,,,,,,,,,,,,5,43,0,0,43,,,,,99,1,0,239,10,13,9,,,47,3,,,,,,,,,,,,,3190715071.45703,669193.589355713
70,Connecticut Balance of State CoC,,CT-505,Connecticut,22495423,,,,,,,,,,,,,,,,,,,,,,245,134,0,23,0,,,,,462,0,0,856,3,47,15,,,105,19,,,,,,,,,,,,,19830913029.9492,1296325.80113772
71,District of Columbia CoC,,DC-500,District of Columbia,19032312,,,,,,,,,,,,,,,,,,,,,,0,0,0,0,0,,,,,887,9,1,1644,12,922,494,,,160,53,,,,,,,,,,,,,266663827.992188,152938.855212236
72,Delaware Statewide CoC,,DE-500,Delaware,7091389,,,,,,,,,,,,,,,,,,,,,,0,0,0,0,0,,,,,236,1,0,553,2,146,92,,,77,12,,,,,,,,,,,,,8485892023.83984,1178017.06971932
73,"Sarasota, Bradenton/Manatee, Sarasota Counties CoC",,FL-500,Florida,4669056,,,,,,,,,,,,,,,,,,,,,,0,0,0,0,0,,,,,629,14,0,136,25,51,238,,,45,48,,,,,,,,,,,,,4388627688.82422,1099586.18281151
74,Tampa/Hillsborough County CoC,,FL-501,Florida,12665729,,,,,,,,,,,,,,,,,,,,,,0,0,0,0,0,,,,,809,0,0,427,213,97,148,,,102,50,,,,,,,,,,,,,3575897760.21094,785476.840460782
75,"St. Petersburg, Clearwater, Largo/Pinellas County CoC",,FL-502,Florida,5874260,,,,,,,,,,,,,,,,,,,,,,0,0,0,0,0,,,,,614,16,2,410,105,232,344,,,179,52,,,,,,,,,,,,,970411761.572266,1008762.96193628
76,Lakeland/Polk County CoC,,FL-503,Florida,5243633,,,,,,,,,,,,,,,,,,,,,,0,0,0,0,0,,,,,436,19,5,240,217,53,0,,,8,37,,,,,,,,,,,,,6698023515.99023,446186.590721061
77,"Deltona, Daytona Beach/Volusia, Flagler Counties CoC",,FL-504,Florida,3033011,,,,,,,,,,,,,,,,,,,,,,0,0,0,0,0,,,,,647,1,0,220,139,40,144,,,30,45,,,,,,,,,,,,,5883486238.27539,1521543.75585553
78,"Fort Walton Beach/Okaloosa, Walton Counties CoC",,FL-505,Florida,891471,,,,,,,,,,,,,,,,,,,,,,0,0,0,0,0,,,,,230,1,1,51,19,34,86,,,15,14,,,,,,,,,,,,,7052539735.42383,816265.49079379
79,Tallahassee/Leon County CoC,,FL-506,Florida,3479038,,,,,,,,,,,,,,,,,,,,,,0,0,0,0,0,,,,,196,10,2,200,18,153,56,,,90,22,,,,,,,,,,,,,19580917513.8574,1998113.04880345
80,"Orlando/Orange, Osceola, Seminole Counties CoC",,FL-507,Florida,17261000,,,,,,,,,,,,,,,,,,,,,,0,0,0,0,0,,,,,1072,0,1,745,21,277,442,,,133,85,,,,,,,,,,,,,9573364998.10547,571374.110378859
81,"Gainesville/Alachua, Putnam Counties CoC",,FL-508,Florida,2080819,,,,,,,,,,,,,,,,,,,,,,0,0,0,0,0,,,,,433,6,0,108,11,37,195,,,49,28,,,,,,,,,,,,,12321492085.2461,1566922.57519221
82,"Fort Pierce/St. Lucie, Indian River, Martin Counties CoC",,FL-509,Florida,1884233,,,,,,,,,,,,,,,,,,,,,,0,0,0,0,0,,,,,405,10,0,107,149,0,113,,,8,27,,,,,,,,,,,,,5798511940.30859,879755.016145181
83,"Jacksonville-Duval, Clay Counties CoC",,FL-510,Florida,9100564,,,,,,,,,,,,,,,,,,,,,,0,0,0,0,0,,,,,551,34,2,232,7,43,78,,,91,31,,,,,,,,,,,,,7530595948.96094,512563.74282646
84,"Pensacola/Escambia, Santa Rosa Counties CoC",,FL-511,Florida,2941205,,,,,,,,,,,,,,,,,,,,,,0,0,0,0,0,,,,,536,3,1,91,7,81,284,,,65,58,,,,,,,,,,,,,5952598219.43359,952805.553211838
85,St. Johns County CoC,,FL-512,Florida,509946,,,,,,,,,,,,,,,,,,,,,,0,0,0,0,0,,,,,253,0,0,66,14,40,93,,,3,13,,,,,,,,,,,,,2278490823.70898,569489.471016591
86,"Palm Bay, Melbourne/Brevard County CoC",,FL-513,Florida,1408751,,,,,,,,,,,,,,,,,,,,,,40,8,0,4,48,,,,,742,13,1,121,36,3,353,,,109,52,,,,,,,,,,,,,3557832325.69531,1234131.19140511
87,Ocala/Marion County CoC,,FL-514,Florida,2866148,,,,,,,,,,,,,,,,,,,,,,0,0,0,0,0,,,,,199,4,0,96,0,10,62,,,3,11,,,,,,,,,,,,,5672470108.18555,405870.613637725
88,"Panama City/Bay, Jackson Counties CoC",,FL-515,Florida,1330999,,,,,,,,,,,,,,,,,,,,,,0,0,0,0,0,,,,,342,5,0,35,31,2,57,,,4,47,,,,,,,,,,,,,13911814664.0313,1548649.02374964
89,"Hendry, Hardee, Highlands Counties CoC",,FL-517,Florida,1371669,,,,,,,,,,,,,,,,,,,,,,0,0,0,0,0,,,,,358,0,0,0,283,0,104,,,0,30,,,,,,,,,,,,,17894078658.582,642410.283347284
90,"Columbia, Hamilton, Lafayette, Suwannee Counties CoC",,FL-518,Florida,594824,,,,,,,,,,,,,,,,,,,,,,0,0,0,0,0,,,,,313,6,0,44,142,0,21,,,13,11,,,,,,,,,,,,,8911702899.32031,473254.747090788
91,Pasco County CoC,,FL-519,Florida,3772961,,,,,,,,,,,,,,,,,,,,,,0,0,0,0,0,,,,,427,1,0,138,0,10,102,,,52,14,,,,,,,,,,,,,2565769146.07031,363090.726296711
92,"Citrus, Hernando, Lake, Sumter Counties CoC",,FL-520,Florida,2199962,,,,,,,,,,,,,,,,,,,,,,0,0,0,0,0,,,,,415,1,1,192,29,1,98,,,17,32,,,,,,,,,,,,,9659874481.36328,1816350.36725449
93,Miami-Dade County CoC,,FL-600,Florida,26882429,,,,,,,,,,,,,,,,,,,,,,0,0,0,0,0,,,,,1033,0,0,1254,0,746,364,,,101,33,,,,,,,,,,,,,6332338548.53906,1152523.59346467
94,Ft Lauderdale/Broward County CoC,,FL-601,Florida,9716100,,,,,,,,,,,,,,,,,,,,,,0,0,0,0,0,,,,,1565,2,2,358,57,284,429,,,13,94,,,,,,,,,,,,,3953348107.31445,271778.674533829
95,Charlotte County CoC,,FL-602,Florida,547344,,,,,,,,,,,,,,,,,,,,,,0,0,0,0,0,,,,,174,0,0,41,35,0,0,,,39,15,,,,,,,,,,,,,2327398232.1582,874767.00016413
96,"Ft Myers, Cape Coral/Lee County CoC",,FL-603,Florida,4592370,,,,,,,,,,,,,,,,,,,,,,0,0,0,0,0,,,,,636,15,0,64,108,22,254,,,14,46,,,,,,,,,,,,,2662073224.08594,1647553.93632733
97,Monroe County CoC,,FL-604,Florida,773908,,,,,,,,,,,,,,,,,,,,,,0,0,0,0,0,,,,,170,0,1,13,12,25,17,,,29,11,,,,,,,,,,,,,3344986379.24219,3927300.60840647
98,West Palm Beach/Palm Beach County CoC,,FL-605,Florida,9391002,,,,,,,,,,,,,,,,,,,,,,0,0,0,0,0,,,,,1526,0,3,250,51,110,422,,,43,76,,,,,,,,,,,,,7213570430.60156,484094.803670712
99,Naples/Collier County CoC,,FL-606,Florida,3025863,,,,,,,,,,,,,,,,,,,,,,0,0,0,0,0,,,,,245,8,45,79,116,0,5,,,33,63,,,,,,,,,,,,,6574336896.05859,1591987.05924282
100,Atlanta CoC,,GA-500,Georgia,8292249,,,,,,,,,,,,,,,,,,,,,,41,46,0,0,56,,,,,1018,0,0,318,22,321,516,,,196,91,,,,,,,,,,,,,512222332.679688,221874.740630602
101,Georgia Balance of State CoC,,GA-501,Georgia,32736099,,,,,,,,,,,,,,,,,,,,,,0,0,0,0,0,,,,,3956,4,19,1385,432,91,425,,,61,145,,,,,,,,,,,,,207033772012.715,4140089.90885718
102,Fulton County CoC,,GA-502,Georgia,2162988,,,,,,,,,,,,,,,,,,,,,,0,0,0,0,0,,,,,105,22,2,63,47,7,17,,,10,3,,,,,,,,,,,,,1544690786.78125,408341.948391762
103,Athens-Clarke County CoC,,GA-503,Georgia,539801,,,,,,,,,,,,,,,,,,,,,,0,0,0,0,0,,,,,181,0,0,66,0,26,77,,,5,10,,,,,,,,,,,,,457147266.28125,110597.893438331
104,Augusta-Richmond County CoC,,GA-504,Georgia,2124972,,,,,,,,,,,,,,,,,,,,,,0,0,0,0,0,,,,,301,0,0,39,18,6,51,,,15,13,,,,,,,,,,,,,1223167589.80859,210419.408797528
105,Columbus-Muscogee/Russell County CoC,,GA-505,Georgia,2311083,,,,,,,,,,,,,,,,,,,,,,0,0,0,0,0,,,,,52,0,0,77,0,15,19,,,9,5,,,,,,,,,,,,,3159518953.44141,360689.096565119
106,Marietta/Cobb County CoC,,GA-506,Georgia,4181836,,,,,,,,,,,,,,,,,,,,,,0,0,0,0,0,,,,,143,0,0,107,7,3,23,,,6,20,,,,,,,,,,,,,1299858307.17969,168083.485084196
107,Savannah/Chatham County CoC,,GA-507,Georgia,3050471,,,,,,,,,,,,,,,,,,,,,,0,0,0,0,0,,,,,193,2,0,63,0,28,24,,,33,9,,,,,,,,,,,,,1732330273.14453,399525.939054342
108,DeKalb County CoC,,GA-508,Georgia,5738806,,,,,,,,,,,,,,,,,,,,,,0,0,0,0,0,,,,,177,0,0,84,0,8,51,,,4,11,,,,,,,,,,,,,985387033.863281,211657.92275522
109,Guam CoC,,GU-500,Guam,2551997,,,,,,,,,,,,,,,,,,,,,,6,1,0,7,6,,,,,367,0,0,83,737,7,100,,,8,24,,,,,,,,,,,,,577783960.730469,268611.657484249
110,Hawaii Balance of State CoC,,HI-500,Hawaii,2371356,,,,,,,,,,,,,,,,,,,,,,0,0,0,0,0,,,,,1116,0,2,3211,158,97,616,,,15,59,,,,,,,,,,,,,17207748246.8164,1715748.57339845
111,Honolulu City and County CoC,,HI-501,Hawaii,9654165,,,,,,,,,,,,,,,,,,,,,,0,0,0,0,0,,,,,2520,10,2,879,244,313,736,,,123,86,,,,,,,,,,,,,1813625453.67969,489354.70180866
112,"Sioux City/Dakota, Woodbury Counties CoC",,IA-500,Iowa,2206649,,,,,,,,,,,,,,,,,,,,,,0,0,0,0,0,,,,,20,0,0,68,0,77,19,,,8,1,,,,,,,,,,,,,5441288671.5,371363.468974961
113,Iowa Balance of State CoC,,IA-501,Iowa,14711040,,,,,,,,,,,,,,,,,,,,,,0,0,0,0,0,,,,,253,2,5,509,39,211,90,,,59,13,,,,,,,,,,,,,253290875198.609,3166291.60156395
114,Des Moines/Polk County CoC,,IA-502,Iowa,5047152,,,,,,,,,,,,,,,,,,,,,,0,0,0,0,0,,,,,145,1,0,110,2,104,71,,,36,18,,,,,,,,,,,,,2937808744.14844,362281.707218897
115,Boise/Ada County CoC,,ID-500,Idaho,1171642,,,,,,,,,,,,,,,,,,,,,,0,0,0,0,0,,,,,112,0,0,126,5,134,74,,,108,11,,,,,,,,,,,,,5214119360.82813,318313.266063165
116,Idaho Balance of State CoC,,ID-501,Idaho,4555477,,,,,,,,,,,,,,,,,,,,,,0,0,0,0,0,,,,,653,4,1,385,603,85,227,,,23,67,,,,,,,,,,,,,419460730684.02,4515764.90943289
117,McHenry County CoC,,IL-500,Illinois,590365,,,,,,,,,,,,,,,,,,,,,,0,0,0,0,0,,,,,15,0,0,36,5,19,13,,,19,0,,,,,,,,,,,,,2916718666.30469,271405.364213591
118,"Rockford/DeKalb, Winnebago, Boone Counties CoC",,IL-501,Illinois,3793700,,,,,,,,,,,,,,,,,,,,,,0,0,0,0,0,,,,,9,2,0,172,0,20,6,,,17,2,,,,,,,,,,,,,6762437280.51172,464714.457355421
119,"Waukegan, North Chicago/Lake County CoC",,IL-502,Illinois,3509665,,,,,,,,,,,,,,,,,,,,,,0,0,0,0,0,,,,,73,3,0,426,2,57,16,,,6,2,,,,,,,,,,,,,2243843302.42578,236632.437238426
120,"Champaign, Urbana, Rantoul/Champaign County CoC",,IL-503,Illinois,903201,,,,,,,,,,,,,,,,,,,,,,0,0,0,0,0,,,,,23,0,0,92,19,20,2,,,9,1,,,,,,,,,,,,,4430072836.70703,270356.88878456
121,Madison County CoC,,IL-504,Illinois,2244869,,,,,,,,,,,,,,,,,,,,,,0,0,0,0,0,,,,,57,0,0,25,3,5,11,,,0,4,,,,,,,,,,,,,3177405527.28906,308264.997966489
122,"Joliet, Bolingbrook/Will County CoC",,IL-506,Illinois,3091925,,,,,,,,,,,,,,,,,,,,,,0,0,0,0,0,,,,,38,0,0,111,0,27,14,,,11,1,,,,,,,,,,,,,7274430564.98438,611616.785812842
123,"Peoria, Pekin/Fulton, Tazewell, Peoria, Woodford Counties CoC",,IL-507,Illinois,3343579,,,,,,,,,,,,,,,,,,,,,,0,0,0,0,0,,,,,56,0,0,92,0,123,18,,,7,1,,,,,,,,,,,,,12211472907.5391,591621.72592951
124,"East St. Louis, Belleville/St. Clair County CoC",,IL-508,Illinois,3682236,,,,,,,,,,,,,,,,,,,,,,0,0,0,0,0,,,,,19,15,0,50,0,4,5,,,25,0,,,,,,,,,,,,,2844226501.33203,275624.449147353
125,Chicago CoC,,IL-510,Illinois,92078142,,,,,,,,,,,,,,,,,,,,,,0,408,0,0,0,,,,,1621,6,1,10869,12,2282,411,,,194,111,,,,,,,,,,,,,1081056494.35156,327266.429078476
126,Cook County CoC,,IL-511,Illinois,20032627,,,,,,,,,,,,,,,,,,,,,,0,0,0,0,0,,,,,112,2,0,625,2,163,47,,,29,7,,,,,,,,,,,,,3400629874.5,723731.895429366
127,Bloomington/Central Illinois CoC,,IL-512,Illinois,2667882,,,,,,,,,,,,,,,,,,,,,,0,0,0,0,0,,,,,62,3,0,136,0,58,21,,,17,6,,,,,,,,,,,,,34811045338.0625,1346826.50202822
128,Springfield/Sangamon County CoC,,IL-513,Illinois,860892,,,,,,,,,,,,,,,,,,,,,,0,0,0,0,0,,,,,26,0,0,117,0,63,15,,,25,3,,,,,,,,,,,,,3848320668.64844,309268.374135236
129,DuPage County CoC,,IL-514,Illinois,4397979,,,,,,,,,,,,,,,,,,,,,,0,0,0,0,0,,,,,26,0,0,251,0,99,1,,,7,3,,,,,,,,,,,,,1555874157.86328,370959.469275126
130,South Central Illinois CoC,,IL-515,Illinois,2001101,,,,,,,,,,,,,,,,,,,,,,0,0,0,0,0,,,,,60,3,2,109,18,3,10,,,1,3,,,,,,,,,,,,,41715690655.9531,1324077.27370862
131,Decatur/Macon County CoC,,IL-516,Illinois,675060,,,,,,,,,,,,,,,,,,,,,,0,0,0,0,0,,,,,27,0,0,30,0,16,10,,,5,2,,,,,,,,,,,,,2577835976.05078,221304.503640657
132,"Aurora, Elgin/Kane County CoC",,IL-517,Illinois,2354183,,,,,,,,,,,,,,,,,,,,,,0,0,0,0,0,,,,,119,0,0,171,3,100,13,,,15,0,,,,,,,,,,,,,2551668521.29688,413906.662320731
133,"Rock Island, Moline/Northwestern Illinois CoC",,IL-518,Illinois,3691748,,,,,,,,,,,,,,,,,,,,,,0,0,0,0,0,,,,,168,2,0,38,24,11,4,,,7,0,,,,,,,,,,,,,43015651537.2773,1163040.09932499
134,West Central Illinois CoC,,IL-519,Illinois,1082570,,,,,,,,,,,,,,,,,,,,,,0,0,0,0,0,,,,,7,2,0,48,0,10,2,,,7,0,,,,,,,,,,,,,26716180890.7656,849858.132468604
135,Southern Illinois CoC,,IL-520,Illinois,2747465,,,,,,,,,,,,,,,,,,,,,,0,0,0,0,0,,,,,55,6,0,36,0,23,5,,,12,0,,,,,,,,,,,,,46525122491.1563,1598842.83454881
136,Indiana Balance of State CoC,,IN-502,Indiana,35584543,,,,,,,,,,,,,,,,,,,,,,0,0,0,0,0,,,,,1096,6,0,1240,42,365,0,,,200,52,,,,,,,,,,,,,157804294188.773,2420932.11471735
137,Indianapolis CoC,,IN-503,Indiana,11259588,,,,,,,,,,,,,,,,,,,,,,10,54,0,0,64,,,,,339,3,0,419,0,128,196,,,142,28,,,,,,,,,,,,,1769591374.15234,171351.800223511
138,Wichita/Sedgwick County CoC,,KS-502,Kansas,4000003,,,,,,,,,,,,,,,,,,,,,,0,0,0,0,0,,,,,188,2,0,191,0,42,69,,,28,15,,,,,,,,,,,,,4180312197.16406,269623.551824605
139,Topeka/Shawnee County CoC,,KS-503,Kansas,2318634,,,,,,,,,,,,,,,,,,,,,,0,0,0,0,0,,,,,200,0,0,114,3,65,185,,,33,14,,,,,,,,,,,,,2389327165.25,225815.082790297
140,"Overland Park, Shawnee/Johnson County CoC",,KS-505,Kansas,1062197,,,,,,,,,,,,,,,,,,,,,,0,0,0,0,0,,,,,56,0,0,82,2,27,27,,,5,4,,,,,,,,,,,,,2064086211.73828,213174.357092688
141,Kansas Balance of State CoC,,KS-507,Kansas,6752752,,,,,,,,,,,,,,,,,,,,,,0,32,0,0,20,,,,,284,2,0,252,18,148,160,,,62,17,,,,,,,,,,,,,339139261021.961,3149638.17334171
142,Kentucky Balance of State CoC,,KY-500,Kentucky,14652463,,,,,,,,,,,,,,,,,,,,,,15,6,0,0,0,,,,,976,10,3,598,60,154,235,,,111,37,,,,,,,,,,,,,163841631908.707,2990246.21300798
143,Louisville-Jefferson County CoC,,KY-501,Kentucky,13334803,,,,,,,,,,,,,,,,,,,,,,0,0,0,0,0,,,,,595,7,0,304,0,302,247,,,143,43,,,,,,,,,,,,,1669545767.08594,198450.845968106
144,Lexington-Fayette County CoC,,KY-502,Kentucky,2825382,,,,,,,,,,,,,,,,,,,,,,0,0,0,0,0,,,,,82,4,0,164,0,103,24,,,55,2,,,,,,,,,,,,,1194403552.25781,195389.300696849
145,Lafayette/Acadiana Regional CoC,,LA-500,Louisiana,4123318,,,,,,,,,,,,,,,,,,,,,,0,0,0,0,0,,,,,182,0,0,136,0,40,62,,,21,7,,,,,,,,,,,,,20781110215.293,1472345.83075035
146,"Shreveport, Bossier/Northwest Louisiana CoC",,LA-502,Louisiana,3549301,,,,,,,,,,,,,,,,,,,,,,0,0,0,0,0,,,,,87,6,0,66,0,33,42,,,52,3,,,,,,,,,,,,,19366924165.6953,691398.22026208
147,New Orleans/Jefferson Parish CoC,,LA-503,Louisiana,19098684,,,,,,,,,,,,,,,,,,,,,,0,0,0,0,0,,,,,482,1,0,170,2,68,15,,,74,5,,,,,,,,,,,,,2901948199.2207,817231.365509633
148,Monroe/Northeast Louisiana CoC,,LA-505,Louisiana,1743207,,,,,,,,,,,,,,,,,,,,,,0,0,0,0,0,,,,,46,3,0,28,0,6,14,,,0,5,,,,,,,,,,,,,26390902157.8398,1077051.13541732
149,Slidell/Southeast Louisiana CoC,,LA-506,Louisiana,1789611,,,,,,,,,,,,,,,,,,,,,,0,0,0,0,0,,,,,152,0,0,29,15,8,9,,,0,4,,,,,,,,,,,,,12996520335.6836,733895.74211886
150,Alexandria/Central Louisiana CoC,,LA-507,Louisiana,1222334,,,,,,,,,,,,,,,,,,,,,,0,0,0,0,0,,,,,117,0,0,18,0,3,55,,,7,6,,,,,,,,,,,,,26179296158.4219,1132283.14750786
151,Louisiana Balance of State CoC,,LA-509,Louisiana,8129412,,,,,,,,,,,,,,,,,,,,,,0,0,0,0,0,,,,,455,6,1,125,19,54,71,,,25,14,,,,,,,,,,,,,57117899400.0703,15401934.6147221
152,Boston CoC,,MA-500,Massachusetts,20935328,,,,,,,,,,,,,,,,,,,,,,0,0,0,0,0,,,,,134,22,0,3765,0,701,26,,,184,3,,,,,,,,,,,,,234931310.113281,240348.472591617
153,Lynn CoC,,MA-502,Massachusetts,2567913,,,,,,,,,,,,,,,,,,,,,,0,0,0,0,0,,,,,16,30,0,1005,0,49,7,,,2,0,,,,,,,,,,,,,54844295.4375,39572.5124993143
154,Cape Cod Islands CoC,,MA-503,Massachusetts,1037314,,,,,,,,,,,,,,,,,,,,,,0,0,0,0,0,,,,,76,0,0,305,0,36,40,,,6,3,,,,,,,,,,,,,2657552197.13672,1627875.85057108
155,Springfield/Hampden County CoC,,MA-504,Massachusetts,6482940,,,,,,,,,,,,,,,,,,,,,,0,0,0,0,0,,,,,176,0,1,2469,0,272,110,,,22,7,,,,,,,,,,,,,2988764398.81641,372094.900906466
156,"New Bedford, Attleboro, Taunton/Bristol County CoC",,MA-505,Massachusetts,4685992,,,,,,,,,,,,,,,,,,,,,,0,0,0,0,0,,,,,158,0,1,883,0,81,45,,,39,6,,,,,,,,,,,,,2509248903.07422,584278.91562063
157,Worcester City & County CoC,,MA-506,Massachusetts,8133663,,,,,,,,,,,,,,,,,,,,,,0,0,0,0,0,,,,,142,0,0,1323,0,235,72,,,46,6,,,,,,,,,,,,,7493488343.71484,484765.772997699
158,"Pittsfield/Berkshire, Franklin, Hampshire Counties CoC",,MA-507,Massachusetts,2488821,,,,,,,,,,,,,,,,,,,,,,0,0,0,0,0,,,,,82,0,0,503,4,103,52,,,102,7,,,,,,,,,,,,,10543658251.0469,593800.303000347
159,Cambridge CoC,,MA-509,Massachusetts,3142791,,,,,,,,,,,,,,,,,,,,,,0,0,0,0,0,,,,,82,0,0,334,0,145,51,,,14,8,,,,,,,,,,,,,33732250.6328125,35821.5939968392
160,"Quincy, Brockton, Weymouth, Plymouth City and County CoC",,MA-511,Massachusetts,4571318,,,,,,,,,,,,,,,,,,,,,,0,32,0,0,32,,,,,104,0,0,1430,0,232,61,,,18,2,,,,,,,,,,,,,3399533627.90625,860443.10829935
161,Fall River CoC,,MA-515,Massachusetts,3145906,,,,,,,,,,,,,,,,,,,,,,0,0,0,0,0,,,,,140,0,0,298,0,37,67,,,2,1,,,,,,,,,,,,,182918539.304688,82903.0288452859
162,Massachusetts Balance of State CoC,,MA-516,Massachusetts,23414149,,,,,,,,,,,,,,,,,,,,,,0,0,0,0,0,,,,,517,0,0,10073,2,215,244,,,57,15,,,,,,,,,,,,,8243664128.03125,1289411.91872445
163,Baltimore CoC,,MD-501,Maryland,25270004,,,,,,,,,,,,,,,,,,,,,,90,58,0,0,48,,,,,106,0,0,304,7,234,0,,,127,0,,,,,,,,,,,,,352412464.757813,205816.604018526
164,Annapolis/Anne Arundel County CoC,,MD-503,Maryland,2723728,,,,,,,,,,,,,,,,,,,,,,0,0,0,0,0,,,,,98,0,0,60,0,16,34,,,7,3,,,,,,,,,,,,,1788520047.30078,1068262.63275194
165,Howard County CoC,,MD-504,Maryland,591405,,,,,,,,,,,,,,,,,,,,,,0,0,0,0,0,,,,,43,0,0,30,19,17,11,,,2,3,,,,,,,,,,,,,1095901677.23047,182007.151071996
166,Baltimore County CoC,,MD-505,Maryland,5371560,,,,,,,,,,,,,,,,,,,,,,0,0,0,0,0,,,,,115,0,0,205,0,107,58,,,7,8,,,,,,,,,,,,,2646924183.84766,739433.917839695
167,Carroll County CoC,,MD-506,Maryland,377449,,,,,,,,,,,,,,,,,,,,,,0,0,0,0,0,,,,,23,0,0,30,0,22,3,,,9,1,,,,,,,,,,,,,1975232571.87109,264558.344749792
168,Mid-Shore Regional CoC,,MD-511,Maryland,630863,,,,,,,,,,,,,,,,,,,,,,0,0,0,0,0,,,,,3,0,0,80,0,25,2,,,2,0,,,,,,,,,,,,,7795048285.96484,3704944.73379344
169,"Wicomico, Somerset, Worcester Counties CoC",,MD-513,Maryland,615741,,,,,,,,,,,,,,,,,,,,,,0,0,0,0,0,,,,,29,1,0,87,3,37,3,,,6,2,,,,,,,,,,,,,5029753067.39453,1906707.398723
170,Maryland Balance of State CoC,,MD-514,Maryland,3642961,,,,,,,,,,,,,,,,,,,,,,0,0,0,0,0,,,,,327,4,0,355,2,124,92,,,72,12,,,,,,,,,,,,,17628069399.3008,3187942.57407242
171,Prince George's County CoC,,MD-600,Maryland,6922041,,,,,,,,,,,,,,,,,,,,,,0,0,0,0,0,,,,,97,3,0,354,11,38,35,,,15,4,,,,,,,,,,,,,2084622957.89453,329716.121367141
172,Montgomery County CoC,,MD-601,Maryland,6407591,,,,,,,,,,,,,,,,,,,,,,0,0,0,0,0,,,,,153,0,0,396,0,73,31,,,27,5,,,,,,,,,,,,,2185229471.03906,232033.020309916
173,Maine Statewide CoC,,ME-500,Maine,9286982,,,,,,,,,,,,,,,,,,,,,,0,0,0,0,0,,,,,270,21,0,1151,3,424,70,,,101,14,,,,,,,,,,,,,170623938735.031,10827817.6908172
174,Michigan Balance of State CoC,,MI-500,Michigan,10941175,,,,,,,,,,,,,,,,,,,,,,0,0,0,0,0,,,,,465,9,0,681,188,62,87,,,39,15,,,,,,,,,,,,,229232800826.391,9963477.32528687
175,Detroit CoC,,MI-501,Michigan,39882347,,,,,,,,,,,,,,,,,,,,,,0,0,0,0,0,,,,,276,8,1,700,28,251,108,,,111,7,,,,,,,,,,,,,660535655.519531,212030.331446655
176,"Dearborn, Dearborn Heights, Westland/Wayne County CoC",,MI-502,Michigan,11012154,,,,,,,,,,,,,,,,,,,,,,0,0,0,0,0,,,,,43,0,0,115,0,10,13,,,18,0,,,,,,,,,,,,,2260985027.69141,460274.23090632
177,"St. Clair Shores, Warren/Macomb County CoC",,MI-503,Michigan,4121689,,,,,,,,,,,,,,,,,,,,,,0,0,0,0,0,,,,,19,2,0,163,0,47,3,,,25,0,,,,,,,,,,,,,2322398081.62109,318680.435475287
178,"Pontiac, Royal Oak/Oakland County CoC",,MI-504,Michigan,7255480,,,,,,,,,,,,,,,,,,,,,,0,0,0,0,0,,,,,30,7,0,179,0,24,10,,,14,1,,,,,,,,,,,,,4347421115.70703,264984.65185469
179,Flint/Genesee County CoC,,MI-505,Michigan,6719301,,,,,,,,,,,,,,,,,,,,,,0,0,0,0,0,,,,,25,2,0,94,0,77,8,,,20,1,,,,,,,,,,,,,3151962460.28906,242285.095105348
180,"Grand Rapids, Wyoming/Kent County CoC",,MI-506,Michigan,6724522,,,,,,,,,,,,,,,,,,,,,,0,0,0,0,0,,,,,79,3,0,372,31,86,8,,,48,3,,,,,,,,,,,,,4231021012.79297,267865.403810275
181,"Portage, Kalamazoo City & County CoC",,MI-507,Michigan,2472041,,,,,,,,,,,,,,,,,,,,,,0,0,0,0,0,,,,,122,2,0,232,0,51,45,,,21,3,,,,,,,,,,,,,2744443967.89844,209387.776087031
182,"Lansing, East Lansing/Ingham County CoC",,MI-508,Michigan,3076781,,,,,,,,,,,,,,,,,,,,,,0,0,0,0,0,,,,,90,1,0,218,0,64,31,,,33,2,,,,,,,,,,,,,2726444759.54688,278022.476705236
183,Washtenaw County CoC,,MI-509,Michigan,2645242,,,,,,,,,,,,,,,,,,,,,,0,0,0,0,0,,,,,13,0,0,129,0,84,4,,,19,1,,,,,,,,,,,,,3417432809.54688,236913.258865093
184,Saginaw City & County CoC,,MI-510,Michigan,2985615,,,,,,,,,,,,,,,,,,,,,,0,0,0,0,0,,,,,11,7,0,183,0,12,0,,,15,3,,,,,,,,,,,,,3996281161.36328,283582.4233595
185,Lenawee County CoC,,MI-511,Michigan,414352,,,,,,,,,,,,,,,,,,,,,,0,0,0,0,0,,,,,8,0,0,56,0,2,6,,,5,2,,,,,,,,,,,,,3561712239.01953,241418.014959931
186,"Grand Traverse, Antrim, Leelanau Counties CoC",,MI-512,Michigan,584948,,,,,,,,,,,,,,,,,,,,,,0,0,0,0,0,,,,,17,1,0,54,0,51,4,,,7,1,,,,,,,,,,,,,11868173220.8203,930795.626889984
187,Battle Creek/Calhoun County CoC,,MI-514,Michigan,879255,,,,,,,,,,,,,,,,,,,,,,0,0,0,0,0,,,,,28,0,1,56,0,7,6,,,20,3,,,,,,,,,,,,,3397364699.88281,234935.814931347
188,Monroe City & County CoC,,MI-515,Michigan,615162,,,,,,,,,,,,,,,,,,,,,,0,0,0,0,0,,,,,0,0,0,65,0,15,0,,,3,0,,,,,,,,,,,,,2593058222.67578,470015.995069902
189,"Norton Shores, Muskegon City & County CoC",,MI-516,Michigan,966328,,,,,,,,,,,,,,,,,,,,,,0,0,0,0,0,,,,,19,0,0,83,14,5,9,,,5,2,,,,,,,,,,,,,2577464170.16016,243670.846560377
190,Jackson City & County CoC,,MI-517,Michigan,923185,,,,,,,,,,,,,,,,,,,,,,0,0,0,0,0,,,,,12,0,0,32,0,4,4,,,2,0,,,,,,,,,,,,,3421991694.59375,236026.596422115
191,Livingston County CoC,,MI-518,Michigan,387722,,,,,,,,,,,,,,,,,,,,,,0,0,0,0,0,,,,,1,0,0,37,2,1,1,,,1,1,,,,,,,,,,,,,2799694903.53906,213157.895795905
192,Holland/Ottawa County CoC,,MI-519,Michigan,937535,,,,,,,,,,,,,,,,,,,,,,0,0,0,0,0,,,,,95,0,0,100,0,5,9,,,5,0,,,,,,,,,,,,,2829884714.51953,259277.097905616
193,Eaton County CoC,,MI-523,Michigan,323862,,,,,,,,,,,,,,,,,,,,,,0,0,0,0,0,,,,,5,0,0,45,0,0,2,,,0,0,,,,,,,,,,,,,2756640017.52734,235871.894087587
194,Minneapolis/Hennepin County CoC,,MN-500,Minnesota,17382930,,,,,,,,,,,,,,,,,,,,,,0,0,0,0,0,,,,,461,18,2,2154,33,394,249,,,108,5,,,,,,,,,,,,,3177586149.79297,304739.374999511
195,St. Paul/Ramsey County CoC,,MN-501,Minnesota,8761494,,,,,,,,,,,,,,,,,,,,,,0,0,0,0,0,,,,,393,14,1,553,16,235,338,,,44,21,,,,,,,,,,,,,877851408.449219,135662.793515162
196,Rochester/Southeast Minnesota CoC,,MN-502,Minnesota,2834922,,,,,,,,,,,,,,,,,,,,,,0,0,0,0,0,,,,,84,5,0,233,37,46,60,,,16,8,,,,,,,,,,,,,60708833901.2031,1378955.03561606
197,"Dakota, Anoka, Washington, Scott, Carver Counties CoC",,MN-503,Minnesota,4036528,,,,,,,,,,,,,,,,,,,,,,0,0,0,0,0,,,,,207,4,0,292,35,97,105,,,15,2,,,,,,,,,,,,,11390567735.2969,872730.843974133
198,Northeast Minnesota CoC,,MN-504,Minnesota,466210,,,,,,,,,,,,,,,,,,,,,,0,0,0,0,0,,,,,39,0,3,25,9,8,25,,,1,2,,,,,,,,,,,,,73050484002.7617,2466497.77829326
199,St. Cloud/Central Minnesota CoC,,MN-505,Minnesota,2376371,,,,,,,,,,,,,,,,,,,,,,0,0,0,0,0,,,,,246,1,16,232,77,54,98,,,35,3,,,,,,,,,,,,,65745486441.6172,1696845.37178973
200,Northwest Minnesota CoC,,MN-506,Minnesota,660735,,,,,,,,,,,,,,,,,,,,,,5,1,0,0,0,,,,,14,6,4,119,17,35,0,,,5,0,,,,,,,,,,,,,92606018021.6094,1741100.93148537
201,Moorhead/West Central Minnesota CoC,,MN-508,Minnesota,938257,,,,,,,,,,,,,,,,,,,,,,0,0,0,0,0,,,,,10,0,0,97,0,19,7,,,4,0,,,,,,,,,,,,,49922689368,1266269.06049713
202,Duluth/St. Louis County CoC,,MN-509,Minnesota,5235139,,,,,,,,,,,,,,,,,,,,,,0,0,0,0,0,,,,,346,11,20,168,10,61,220,,,17,11,,,,,,,,,,,,,38352452393.5313,1098296.24525072
203,Southwest Minnesota CoC,,MN-511,Minnesota,1226519,,,,,,,,,,,,,,,,,,,,,,0,0,0,0,0,,,,,4,2,0,81,0,1,3,,,2,0,,,,,,,,,,,,,62857812797.2773,1362016.12227089
204,St. Louis County CoC,,MO-500,Missouri,7104876,,,,,,,,,,,,,,,,,,,,,,0,0,0,0,0,,,,,88,12,0,157,4,54,41,,,19,4,,,,,,,,,,,,,2225175776.41797,284950.355919474
205,St. Louis City CoC,,MO-501,Missouri,21644640,,,,,,,,,,,,,,,,,,,,,,0,0,0,0,0,,,,,151,4,0,299,3,183,90,,,114,8,,,,,,,,,,,,,281307817.191406,85171.3536928709
206,"St. Charles, Lincoln, Warren Counties CoC",,MO-503,Missouri,894184,,,,,,,,,,,,,,,,,,,,,,0,0,0,0,0,,,,,113,3,0,268,44,30,19,,,14,4,,,,,,,,,,,,,7151218456.04297,477603.590774723
207,"Springfield/Greene, Christian, Webster Counties CoC",,MO-600,Missouri,1425468,,,,,,,,,,,,,,,,,,,,,,0,0,0,0,0,,,,,173,9,0,175,0,115,97,,,25,14,,,,,,,,,,,,,7501767618.69531,400127.848593935
208,"Joplin/Jasper, Newton Counties CoC",,MO-602,Missouri,721199,,,,,,,,,,,,,,,,,,,,,,0,0,0,0,0,,,,,118,1,0,44,11,15,28,,,36,6,,,,,,,,,,,,,5165629346.00391,292233.737382937
209,"St. Joseph/Andrew, Buchanan, DeKalb Counties CoC",,MO-603,Missouri,1960611,,,,,,,,,,,,,,,,,,,,,,0,0,0,0,0,,,,,81,1,0,79,0,48,37,,,7,1,,,,,,,,,,,,,5619722836.91016,450375.743666204
210,"Kansas City (MO&KS), Independence, Lee’s Summit/Jackson, Wyandotte Counties CoC",,MO-604,Missouri,12920659,,,,,,,,,,,,,,,,,,,,,,0,0,0,0,0,,,,,872,25,2,506,2,39,344,,,102,52,,,,,,,,,,,,,4025504212.32422,535428.648201154
211,Missouri Balance of State CoC,,MO-606,Missouri,9422310,,,,,,,,,,,,,,,,,,,,,,0,0,0,0,0,,,,,749,11,1,455,125,182,434,,,81,59,,,,,,,,,,,,,263063244600.504,4320747.68258097
212,Northern Mariana Islands CoC,,MP-500,Northern Marianas,785144,,,,,,,,,,,,,,,,,,,,,,,,,,,,,,,,,,,,,,,,,,,,,,,,,,,,,,516048682.255859,477974.165280535
213,"Jackson/Rankin, Madison Counties CoC",,MS-500,Mississippi,3438312,,,,,,,,,,,,,,,,,,,,,,0,0,0,0,0,,,,,113,2,0,15,0,5,0,,,8,0,,,,,,,,,,,,,13892164486.4492,996736.603080976
214,Mississippi Balance of State CoC,,MS-501,Mississippi,8545659,,,,,,,,,,,,,,,,,,,,,,0,0,0,0,0,,,,,217,0,0,75,2,6,68,,,12,13,,,,,,,,,,,,,148746725635.5,3166339.42457538
215,Gulf Port/Gulf Coast Regional CoC,,MS-503,Mississippi,1827477,,,,,,,,,,,,,,,,,,,,,,0,3,0,0,3,,,,,154,0,0,75,0,2,3,,,1,6,,,,,,,,,,,,,12526650802.1914,1072131.1502213
216,Montana Statewide CoC,,MT-500,Montana,3424002,,,,,,,,,,,,,,,,,,,,,,0,0,0,0,0,,,,,524,9,4,494,48,234,217,,,113,55,,,,,,,,,,,,,820189030127.527,4615979.78822108
217,Winston-Salem/Forsyth County CoC,,NC-500,North Carolina,2811212,,,,,,,,,,,,,,,,,,,,,,0,0,0,0,0,,,,,234,0,0,188,0,34,56,,,35,12,,,,,,,,,,,,,1638312532.36719,200056.039679215
218,Asheville/Buncombe County CoC,,NC-501,North Carolina,1059445,,,,,,,,,,,,,,,,,,,,,,0,0,0,0,0,,,,,215,1,1,76,3,88,142,,,181,10,,,,,,,,,,,,,2591681884.64844,295769.633368092
219,Durham City & County CoC,,NC-502,North Carolina,2540073,,,,,,,,,,,,,,,,,,,,,,0,0,0,0,0,,,,,149,0,0,147,23,62,40,,,38,5,,,,,,,,,,,,,1175110554.30859,180050.112803256
220,North Carolina Balance of State CoC,,NC-503,North Carolina,18827698,,,,,,,,,,,,,,,,,,,,,,0,0,0,0,0,,,,,1633,8,0,760,494,225,348,,,70,64,,,,,,,,,,,,,153929489343.096,12144445.9783171
221,"Greensboro, High Point/Guilford County CoC",,NC-504,North Carolina,3557967,,,,,,,,,,,,,,,,,,,,,,0,0,0,0,0,,,,,209,5,0,143,25,90,26,,,54,7,,,,,,,,,,,,,2617632292.32813,345869.716422253
222,Charlotte/Mecklenburg County CoC,,NC-505,North Carolina,7206327,,,,,,,,,,,,,,,,,,,,,,0,120,0,0,120,,,,,380,8,0,641,4,254,191,,,99,17,,,,,,,,,,,,,2125699196.39453,242656.345143239
223,"Wilmington/Brunswick, New Hanover, Pender Counties CoC",,NC-506,North Carolina,1176780,,,,,,,,,,,,,,,,,,,,,,0,0,0,0,0,,,,,298,3,0,107,21,36,129,,,19,16,,,,,,,,,,,,,7378545311.67383,1707001.84719994
224,Raleigh/Wake County CoC,,NC-507,North Carolina,6468472,,,,,,,,,,,,,,,,,,,,,,0,0,0,0,0,,,,,134,11,0,262,7,89,55,,,22,10,,,,,,,,,,,,,3391176665.46484,308191.970119473
225,"Gastonia/Cleveland, Gaston, Lincoln Counties CoC",,NC-509,North Carolina,1454807,,,,,,,,,,,,,,,,,,,,,,0,0,0,0,0,,,,,216,10,0,121,0,47,65,,,3,10,,,,,,,,,,,,,4436739530.33984,307051.957140806
226,Fayetteville/Cumberland County CoC,,NC-511,North Carolina,2483506,,,,,,,,,,,,,,,,,,,,,,0,0,0,0,0,,,,,253,0,0,86,0,1,15,,,1,6,,,,,,,,,,,,,2550512702.61328,267033.081607517
227,Chapel Hill/Orange County CoC,,NC-513,North Carolina,459154,,,,,,,,,,,,,,,,,,,,,,0,0,0,0,0,,,,,33,0,0,32,0,11,16,,,5,1,,,,,,,,,,,,,1598258435,171726.31016863
228,Northwest North Carolina CoC,,NC-516,North Carolina,884190,,,,,,,,,,,,,,,,,,,,,,0,0,0,0,0,,,,,151,0,1,51,39,37,28,,,3,0,,,,,,,,,,,,,10036884893.3633,660881.979610481
229,North Dakota Statewide CoC,,ND-500,North Dakota,2340307,,,,,,,,,,,,,,,,,,,,,,0,0,0,0,0,,,,,184,5,0,213,6,72,44,,,36,8,,,,,,,,,,,,,400341363308.156,3125346.16124728
230,Nebraska Balance of State CoC,,NE-500,Nebraska,4081473,,,,,,,,,,,,,,,,,,,,,,0,0,0,0,0,,,,,30,11,0,210,0,59,4,,,18,0,,,,,,,,,,,,,353446445310.043,3289580.66969693
231,"Omaha, Council Bluffs CoC",,NE-501,Nebraska,6357714,,,,,,,,,,,,,,,,,,,,,,0,303,0,303,303,,,,,221,0,0,306,3,404,114,,,83,9,,,,,,,,,,,,,7099079117.05469,449614.607340456
232,Lincoln CoC,,NE-502,Nebraska,2292828,,,,,,,,,,,,,,,,,,,,,,0,0,0,0,0,,,,,45,1,0,179,2,78,25,,,19,0,,,,,,,,,,,,,458560712.171875,254069.484981204
233,New Hampshire Balance of State CoC,,NH-500,New Hampshire,4370168,,,,,,,,,,,,,,,,,,,,,,0,0,0,0,0,,,,,383,0,0,344,4,254,182,,,24,12,,,,,,,,,,,,,41604274635.25,1773248.51444317
234,Manchester CoC,,NH-501,New Hampshire,1934369,,,,,,,,,,,,,,,,,,,,,,0,0,0,0,0,,,,,148,0,0,193,11,89,68,,,33,8,,,,,,,,,,,,,169167344.292969,72157.6430772658
235,Nashua/Hillsborough County CoC,,NH-502,New Hampshire,580274,,,,,,,,,,,,,,,,,,,,,,0,0,0,0,0,,,,,33,0,0,177,0,29,13,,,50,1,,,,,,,,,,,,,4142710452.78906,313145.599302585
236,Atlantic City & County CoC,,NJ-500,New Jersey,1147245,,,,,,,,,,,,,,,,,,,,,,0,0,0,0,0,,,,,168,0,0,74,0,44,76,,,32,10,,,,,,,,,,,,,2466729508.95313,966564.83926677
237,Bergen County CoC,,NJ-501,New Jersey,11101938,,,,,,,,,,,,,,,,,,,,,,0,0,0,0,0,,,,,40,5,0,105,0,0,12,,,11,5,,,,,,,,,,,,,1089022058.81641,179826.453872639
238,Burlington County CoC,,NJ-502,New Jersey,712203,,,,,,,,,,,,,,,,,,,,,,0,0,0,0,0,,,,,60,0,0,536,0,165,30,,,5,5,,,,,,,,,,,,,3608603542.30078,314049.196696736
239,"Camden City & County/Gloucester, Cape May, Cumberland Counties CoC",,NJ-503,New Jersey,8265804,,,,,,,,,,,,,,,,,,,,,,0,0,0,0,0,,,,,224,0,0,420,10,107,107,,,113,7,,,,,,,,,,,,,5733572762.02344,1322521.23444659
240,Newark/Essex County CoC,,NJ-504,New Jersey,16392720,,,,,,,,,,,,,,,,,,,,,,0,0,0,0,0,,,,,257,0,0,694,27,128,123,,,43,19,,,,,,,,,,,,,578308354.28125,143075.628808327
241,"Jersey City, Bayonne/Hudson County CoC",,NJ-506,New Jersey,11931425,,,,,,,,,,,,,,,,,,,,,,0,0,0,0,0,,,,,210,0,0,348,2,123,127,,,19,6,,,,,,,,,,,,,213240075.160156,195380.643438672
242,New Brunswick/Middlesex County CoC,,NJ-507,New Jersey,3735793,,,,,,,,,,,,,,,,,,,,,,0,0,0,0,0,,,,,142,0,0,273,7,107,92,,,3,1,,,,,,,,,,,,,1405753105.30078,252598.705328904
243,Monmouth County CoC,,NJ-508,New Jersey,3477962,,,,,,,,,,,,,,,,,,,,,,0,0,0,0,0,,,,,69,0,0,197,0,64,39,,,5,7,,,,,,,,,,,,,2126682428.76953,480996.307075599
244,Morris County CoC,,NJ-509,New Jersey,2419316,,,,,,,,,,,,,,,,,,,,,,0,0,0,0,0,,,,,91,0,0,247,0,57,33,,,11,3,,,,,,,,,,,,,2182590957.64063,302576.423283149
245,Lakewood Township/Ocean County CoC,,NJ-510,New Jersey,2618299,,,,,,,,,,,,,,,,,,,,,,0,0,0,0,0,,,,,35,9,0,241,2,89,20,,,2,3,,,,,,,,,,,,,2836742444.04688,1238098.86002592
246,Paterson/Passaic County CoC,,NJ-511,New Jersey,5925717,,,,,,,,,,,,,,,,,,,,,,0,0,0,0,0,,,,,92,0,0,189,2,82,27,,,11,10,,,,,,,,,,,,,904342637.460938,199317.713474549
247,Salem County CoC,,NJ-512,New Jersey,365362,,,,,,,,,,,,,,,,,,,,,,0,0,0,0,0,,,,,52,0,0,15,9,5,29,,,0,1,,,,,,,,,,,,,1517317504.64063,265906.77285537
248,Somerset County CoC,,NJ-513,New Jersey,623548,,,,,,,,,,,,,,,,,,,,,,0,0,0,0,0,,,,,1,6,0,154,0,51,1,,,87,0,,,,,,,,,,,,,1369997950.32813,217483.770028731
249,Trenton/Mercer County CoC,,NJ-514,New Jersey,4268749,,,,,,,,,,,,,,,,,,,,,,0,0,0,0,0,,,,,144,6,0,425,3,48,101,,,18,6,,,,,,,,,,,,,1019666645.51953,193184.355965295
250,Elizabeth/Union County CoC,,NJ-515,New Jersey,7783342,,,,,,,,,,,,,,,,,,,,,,0,0,0,0,0,,,,,68,9,0,432,2,124,39,,,9,1,,,,,,,,,,,,,468296583.351563,128645.960173133
251,"Warren, Sussex, Hunterdon Counties CoC",,NJ-516,New Jersey,1420591,,,,,,,,,,,,,,,,,,,,,,0,0,0,0,0,,,,,44,0,0,148,6,46,21,,,66,2,,,,,,,,,,,,,6056008966.84375,489273.595542175
252,Albuquerque CoC,,NM-500,New Mexico,5139821,,,,,,,,,,,,,,,,,,,,,,0,0,0,0,0,,,,,1178,12,0,437,53,320,960,,,103,106,,,,,,,,,,,,,732873824.363281,447866.787458297
253,New Mexico Balance of State CoC,,NM-501,New Mexico,5382934,,,,,,,,,,,,,,,,,,,,,,0,0,0,0,0,,,,,952,29,2,340,57,144,447,,,16,73,,,,,,,,,,,,,463668987094.672,3347889.48756182
254,Las Vegas/Clark County CoC,,NV-500,Nevada,19804693,,,,,,,,,,,,,,,,,,,,,,0,0,0,0,0,,,,,4077,19,10,1370,115,725,1984,,,429,66,,,,,,,,,,,,,32141750020.7891,916024.600024187
255,"Reno, Sparks/Washoe County CoC",,NV-501,Nevada,3009110,,,,,,,,,,,,,,,,,,,,,,0,0,0,0,0,,,,,363,0,0,162,0,325,60,,,112,17,,,,,,,,,,,,,29483161966.3516,1041333.9813216
256,Nevada Balance of State CoC,,NV-502,Nevada,1132276,,,,,,,,,,,,,,,,,,,,,,0,0,0,0,0,,,,,331,0,0,37,18,7,102,,,8,12,,,,,,,,,,,,,418672224411.313,2870818.99058116
257,"Rochester, Irondequoit, Greece/Monroe County CoC",,NY-500,New York,12849358,,,,,,,,,,,,,,,,,,,,,,0,0,0,0,0,,,,,80,6,0,415,0,148,33,,,77,5,,,,,,,,,,,,,3240548185.96484,315420.479517424
258,"Elmira/Steuben, Allegany, Livingston, Chemung, Schuyler Counties CoC",,NY-501,New York,2274970,,,,,,,,,,,,,,,,,,,,,,0,0,0,0,0,,,,,32,0,0,264,6,13,19,,,14,1,,,,,,,,,,,,,18176755499.5391,767828.592647669
259,Albany City & County CoC,,NY-503,New York,4548453,,,,,,,,,,,,,,,,,,,,,,0,0,0,0,0,,,,,171,9,0,323,2,26,102,,,37,5,,,,,,,,,,,,,2550670702.56641,226024.084013527
260,"Syracuse, Auburn/Onondaga, Oswego, Cayuga Counties CoC",,NY-505,New York,10278231,,,,,,,,,,,,,,,,,,,,,,0,0,0,0,0,,,,,52,11,0,567,0,68,15,,,54,1,,,,,,,,,,,,,12434835477.1992,633691.718479528
261,Schenectady City & County CoC,,NY-507,New York,2908056,,,,,,,,,,,,,,,,,,,,,,0,0,0,0,0,,,,,11,0,2,129,5,5,8,,,2,0,,,,,,,,,,,,,1008729124.28906,161190.921927382
262,"Buffalo, Niagara Falls/Erie, Niagara, Orleans, Genesee, Wyoming Counties CoC",,NY-508,New York,26933967,,,,,,,,,,,,,,,,,,,,,,0,27,0,0,0,,,,,21,13,0,523,0,74,10,,,64,2,,,,,,,,,,,,,14782315453.9453,735091.20911897
263,Ithaca/Tompkins County CoC,,NY-510,New York,651457,,,,,,,,,,,,,,,,,,,,,,0,0,0,0,0,,,,,16,2,0,22,0,36,6,,,2,0,,,,,,,,,,,,,2339925346.90625,238162.166472636
264,"Binghamton, Union Town/Broome, Otsego, Chenango, Delaware, Cortland, Tioga Counties CoC",,NY-511,New York,5031727,,,,,,,,,,,,,,,,,,,,,,0,0,0,0,0,,,,,68,4,0,208,0,1,0,,,16,0,,,,,,,,,,,,,24316349178.1172,823828.26141564
265,Troy/Rensselaer County CoC,,NY-512,New York,2545445,,,,,,,,,,,,,,,,,,,,,,0,0,0,0,0,,,,,25,1,0,164,0,6,11,,,2,1,,,,,,,,,,,,,3193783167,241912.829653586
266,"Wayne, Ontario, Seneca, Yates Counties CoC",,NY-513,New York,1529980,,,,,,,,,,,,,,,,,,,,,,0,0,0,0,0,,,,,0,0,0,157,0,43,0,,,19,0,,,,,,,,,,,,,9822736934.36719,598426.772842002
267,"Jamestown, Dunkirk/Chautauqua County CoC",,NY-514,New York,1257636,,,,,,,,,,,,,,,,,,,,,,0,0,0,0,0,,,,,6,5,0,115,0,12,5,,,6,0,,,,,,,,,,,,,5127016086.21094,313611.128882716
268,"Utica, Rome/Oneida, Madison Counties CoC",,NY-518,New York,4385935,,,,,,,,,,,,,,,,,,,,,,0,0,0,0,0,,,,,87,0,0,130,17,36,33,,,17,4,,,,,,,,,,,,,9335997989.18359,508107.60230631
269,"Columbia, Greene Counties CoC",,NY-519,New York,690156,,,,,,,,,,,,,,,,,,,,,,0,0,0,0,0,,,,,9,0,0,26,3,2,5,,,0,0,,,,,,,,,,,,,6181261392.08594,387195.230590644
270,"Franklin, Essex Counties CoC",,NY-520,New York,632154,,,,,,,,,,,,,,,,,,,,,,0,0,0,0,0,,,,,0,0,0,10,0,0,0,,,0,0,,,,,,,,,,,,,18302506447.8242,723765.974189085
271,"Jefferson, Lewis, St. Lawrence Counties CoC",,NY-522,New York,1988611,,,,,,,,,,,,,,,,,,,,,,0,0,0,0,0,,,,,28,0,0,34,3,0,9,,,10,1,,,,,,,,,,,,,27147228040.6563,1670537.76685682
272,"Glens Falls, Saratoga Springs/Saratoga, Washington, Warren, Hamilton Counties CoC",,NY-523,New York,1914288,,,,,,,,,,,,,,,,,,,,,,0,0,0,0,0,,,,,10,3,0,176,4,17,2,,,26,2,,,,,,,,,,,,,21788420779.4961,812347.954818087
273,New York Balance of State CoC,,NY-525,New York,3583143,,,,,,,,,,,,,,,,,,,,,,0,0,0,0,0,,,,,64,2,0,329,0,44,35,,,18,4,,,,,,,,,,,,,32482175779.6445,2030728.26336639
274,New York City CoC,,NY-600,New York,208567500,,,,,,,,,,,,,,,,,,,,,,0,0,0,0,0,,,,,4338,66,57,87453,2,3463,817,,,621,3,,,,,,,,,,,,,1361755781.03516,908046.320395754
275,Poughkeepsie/Dutchess County CoC,,NY-601,New York,1063977,,,,,,,,,,,,,,,,,,,,,,0,0,0,0,0,,,,,46,5,1,328,0,6,34,,,13,0,,,,,,,,,,,,,3845096413.16797,296475.942530683
276,"Newburgh, Middletown/Orange County CoC",,NY-602,New York,2565232,,,,,,,,,,,,,,,,,,,,,,0,0,0,0,0,,,,,113,2,0,412,0,25,79,,,6,4,,,,,,,,,,,,,3861768327.89063,301419.048454722
277,"Nassau, Suffolk Counties CoC",,NY-603,New York,23476351,,,,,,,,,,,,,,,,,,,,,,0,0,0,0,0,,,,,209,8,0,2320,0,151,66,,,115,0,,,,,,,,,,,,,5494290000.375,3145062.70170007
278,"Yonkers, Mount Vernon/Westchester County CoC",,NY-604,New York,12584003,,,,,,,,,,,,,,,,,,,,,,0,0,0,0,0,,,,,50,3,0,988,0,73,5,,,18,2,,,,,,,,,,,,,2056505195.12891,367365.586069058
279,Rockland County CoC,,NY-606,New York,3262359,,,,,,,,,,,,,,,,,,,,,,0,0,0,0,0,,,,,36,2,0,38,0,6,19,,,1,0,,,,,,,,,,,,,817332325.609375,157040.948786988
280,Kingston/Ulster County CoC,,NY-608,New York,1304468,,,,,,,,,,,,,,,,,,,,,,0,0,0,0,0,,,,,58,5,0,278,6,21,24,,,6,1,,,,,,,,,,,,,5428702371.32031,371001.397849858
281,Cincinnati/Hamilton County CoC,,OH-500,Ohio,17720465,,,,,,,,,,,,,,,,,,,,,,787,8712,0,6976,9346,,,,,70,7,0,258,0,100,7,,,142,3,,,,,,,,,,,,,1792644957.45703,239161.691819005
282,Toledo/Lucas County CoC,,OH-501,Ohio,9131439,,,,,,,,,,,,,,,,,,,,,,0,0,0,0,0,,,,,7,8,5,221,0,63,1,,,25,0,,,,,,,,,,,,,1604928311.51172,298025.687140574
283,Cleveland/Cuyahoga County CoC,,OH-502,Ohio,33688485,,,,,,,,,,,,,,,,,,,,,,0,0,0,0,0,,,,,115,4,0,421,0,254,63,,,77,5,,,,,,,,,,,,,2117357763.30078,255826.632102349
284,Columbus/Franklin County CoC,,OH-503,Ohio,11587684,,,,,,,,,,,,,,,,,,,,,,0,44,0,0,44,,,,,490,4,1,737,23,74,150,,,67,24,,,,,,,,,,,,,2526715666.83203,359976.672908263
285,Youngstown/Mahoning County CoC,,OH-504,Ohio,4628838,,,,,,,,,,,,,,,,,,,,,,0,0,0,0,0,,,,,27,0,0,73,3,62,6,,,14,2,,,,,,,,,,,,,1938194945.75,214007.843776672
286,"Dayton, Kettering/Montgomery County CoC",,OH-505,Ohio,9336812,,,,,,,,,,,,,,,,,,,,,,0,0,0,0,0,,,,,89,1,0,169,3,36,2,,,49,7,,,,,,,,,,,,,2065339090.64063,253075.337759869
287,"Akron, Barberton/Summit County CoC",,OH-506,Ohio,8159101,,,,,,,,,,,,,,,,,,,,,,0,0,0,0,0,,,,,211,14,0,141,0,52,84,,,28,16,,,,,,,,,,,,,1924242741.13672,220248.381246115
288,Ohio Balance of State CoC,,OH-507,Ohio,28293211,,,,,,,,,,,,,,,,,,,,,,0,0,0,0,0,,,,,1174,20,0,1077,96,302,226,,,99,9,,,,,,,,,,,,,167326999530.285,3675334.50218893
289,"Canton, Massillon, Alliance/Stark County CoC",,OH-508,Ohio,4295078,,,,,,,,,,,,,,,,,,,,,,0,0,0,0,0,,,,,58,0,0,128,7,21,2,,,17,5,,,,,,,,,,,,,2633394113.77734,247602.823685366
290,North Central Oklahoma CoC,,OK-500,Oklahoma,1032293,,,,,,,,,,,,,,,,,,,,,,0,0,0,0,0,,,,,79,10,1,42,7,21,24,,,21,2,,,,,,,,,,,,,33196590857.2148,1822272.17611667
291,Tulsa City & County CoC,,OK-501,Oklahoma,4972993,,,,,,,,,,,,,,,,,,,,,,0,0,0,0,0,,,,,532,11,0,226,2,227,235,,,54,27,,,,,,,,,,,,,2675863098.23047,1523419.91453061
292,Oklahoma City CoC,,OK-502,Oklahoma,6154404,,,,,,,,,,,,,,,,,,,,,,0,0,0,0,0,,,,,433,11,0,316,0,265,209,,,100,36,,,,,,,,,,,,,2429288151.04688,563742.400461339
293,Oklahoma Balance of State CoC,,OK-503,Oklahoma,1594008,,,,,,,,,,,,,,,,,,,,,,0,0,0,0,0,,,,,65,0,0,29,4,26,31,,,1,2,,,,,,,,,,,,,75907814031.0469,2858095.03959967
294,Norman/Cleveland County CoC,,OK-504,Oklahoma,640895,,,,,,,,,,,,,,,,,,,,,,0,0,0,0,0,,,,,87,0,0,42,4,63,46,,,10,3,,,,,,,,,,,,,1677745311.9375,234315.89013941
295,Northeast Oklahoma CoC,,OK-505,Oklahoma,837980,,,,,,,,,,,,,,,,,,,,,,0,0,0,0,0,,,,,189,6,0,33,28,39,96,,,0,10,,,,,,,,,,,,,28188025014.6484,1159223.42780961
296,Southwest Oklahoma Regional CoC,,OK-506,Oklahoma,1139303,,,,,,,,,,,,,,,,,,,,,,0,0,0,0,0,,,,,337,0,0,38,14,4,104,,,4,23,,,,,,,,,,,,,54528498160.957,1480201.25226482
297,Southeastern Oklahoma Regional CoC,,OK-507,Oklahoma,1213173,,,,,,,,,,,,,,,,,,,,,,0,0,0,0,0,,,,,253,20,2,96,179,60,7,,,9,2,,,,,,,,,,,,,69928203499.7344,1866590.46786583
298,"Eugene, Springfield/Lane County CoC",,OR-500,Oregon,1357530,,,,,,,,,,,,,,,,,,,,,,0,0,0,0,0,,,,,1786,10,15,130,295,536,964,,,56,95,,,,,,,,,,,,,23073960107.4766,889146.877778793
299,"Portland, Gresham/Multnomah County CoC",,OR-501,Oregon,10795734,,,,,,,,,,,,,,,,,,,,,,0,0,0,0,0,,,,,2850,12,130,461,964,1209,1765,,,294,228,,,,,,,,,,,,,2456282582.47656,382378.423292809
300,"Medford, Ashland/Jackson County CoC",,OR-502,Oregon,788027,,,,,,,,,,,,,,,,,,,,,,0,0,0,0,0,,,,,554,6,0,217,2,168,138,,,64,20,,,,,,,,,,,,,13327162857.9766,514068.716228029
301,Central Oregon CoC,,OR-503,Oregon,659105,,,,,,,,,,,,,,,,,,,,,,0,0,0,0,0,,,,,953,9,22,96,269,91,231,,,35,56,,,,,,,,,,,,,39438508111.7422,958009.062998479
302,"Salem/Marion, Polk Counties CoC",,OR-504,Oregon,1449004,,,,,,,,,,,,,,,,,,,,,,0,0,0,0,0,,,,,858,3,6,158,14,281,432,,,32,33,,,,,,,,,,,,,9995326224.46094,744922.555294023
303,Oregon Balance of State CoC,,OR-505,Oregon,4347044,,,,,,,,,,,,,,,,,,,,,,0,0,0,0,0,,,,,4326,27,83,308,656,329,1637,,,88,301,,,,,,,,,,,,,383427680948.754,6386165.6077704
304,"Hillsboro, Beaverton/Washington County CoC",,OR-506,Oregon,2809466,,,,,,,,,,,,,,,,,,,,,,0,0,0,0,0,,,,,223,6,2,294,5,311,96,,,51,19,,,,,,,,,,,,,3833425392.53906,382327.156154065
305,Clackamas County CoC,,OR-507,Oregon,2650715,,,,,,,,,,,,,,,,,,,,,,0,0,0,0,0,,,,,170,0,4,79,4,57,168,,,18,17,,,,,,,,,,,,,9822883731.52344,551357.204319705
306,Philadelphia CoC,,PA-500,Pennsylvania,53931691,,,,,,,,,,,,,,,,,,,,,,30,58,0,0,0,,,,,970,2,6,1469,0,771,309,,,185,51,,,,,,,,,,,,,622296132.933594,166685.411171596
307,Harrisburg/Dauphin County CoC,,PA-501,Pennsylvania,2898234,,,,,,,,,,,,,,,,,,,,,,0,0,0,0,0,,,,,56,0,0,110,0,45,37,,,29,5,,,,,,,,,,,,,2370634610.71484,313099.91569373
308,"Upper Darby, Chester, Haverford/Delaware County CoC",,PA-502,Pennsylvania,7413090,,,,,,,,,,,,,,,,,,,,,,0,0,0,0,0,,,,,107,0,0,354,0,0,41,,,6,0,,,,,,,,,,,,,815733711.09375,181781.8566659
309,"Wilkes-Barre, Hazleton/Luzerne County CoC",,PA-503,Pennsylvania,6760724,,,,,,,,,,,,,,,,,,,,,,0,0,0,0,0,,,,,7,0,0,62,0,6,0,,,6,2,,,,,,,,,,,,,4145874017.88672,288865.135866643
310,"Lower Merion, Norristown, Abington/Montgomery County CoC",,PA-504,Pennsylvania,5214418,,,,,,,,,,,,,,,,,,,,,,0,0,0,0,0,,,,,101,0,0,129,0,82,4,,,9,1,,,,,,,,,,,,,2166164798.12109,258476.395074477
311,Chester County CoC,,PA-505,Pennsylvania,3115647,,,,,,,,,,,,,,,,,,,,,,0,0,0,0,0,,,,,19,0,0,101,0,16,7,,,4,2,,,,,,,,,,,,,3352141309.37891,330604.745331659
312,Reading/Berks County CoC,,PA-506,Pennsylvania,5732379,,,,,,,,,,,,,,,,,,,,,,0,0,0,0,0,,,,,222,1,2,179,8,54,55,,,18,2,,,,,,,,,,,,,3872412793.125,271235.62543056
313,Scranton/Lackawanna County CoC,,PA-508,Pennsylvania,3966431,,,,,,,,,,,,,,,,,,,,,,0,0,0,0,0,,,,,49,0,0,68,0,7,24,,,28,1,,,,,,,,,,,,,2144799023.30078,217184.299799964
314,Eastern Pennsylvania CoC,,PA-509,Pennsylvania,22040610,,,,,,,,,,,,,,,,,,,,,,0,0,0,0,0,,,,,473,10,0,814,19,162,64,,,82,10,,,,,,,,,,,,,95381018840.2148,2438253.09606263
315,Lancaster City & County CoC,,PA-510,Pennsylvania,5287127,,,,,,,,,,,,,,,,,,,,,,0,0,0,0,0,,,,,116,0,0,204,6,32,17,,,23,5,,,,,,,,,,,,,4352834423.40234,324443.256598579
316,"Bristol, Bensalem/Bucks County CoC",,PA-511,Pennsylvania,3026697,,,,,,,,,,,,,,,,,,,,,,0,0,0,0,0,,,,,91,0,0,167,0,42,28,,,8,3,,,,,,,,,,,,,2775058782.55469,266942.775564518
317,York City & County CoC,,PA-512,Pennsylvania,3384479,,,,,,,,,,,,,,,,,,,,,,0,0,0,0,0,,,,,70,0,4,135,2,31,10,,,14,1,,,,,,,,,,,,,4015036077.04688,335402.281105697
318,"Pittsburgh, McKeesport, Penn Hills/Allegheny County CoC",,PA-600,Pennsylvania,33117064,,,,,,,,,,,,,,,,,,,,,,0,0,0,0,0,,,,,169,0,0,329,0,172,106,,,112,9,,,,,,,,,,,,,3332253162.64453,280484.29806761
319,Western Pennsylvania CoC,,PA-601,Pennsylvania,14977201,,,,,,,,,,,,,,,,,,,,,,0,0,0,0,0,,,,,47,0,0,251,2,33,6,,,61,0,,,,,,,,,,,,,70168262469.4375,1622510.05565082
320,Beaver County CoC,,PA-603,Pennsylvania,3905509,,,,,,,,,,,,,,,,,,,,,,0,0,0,0,0,,,,,13,0,0,39,0,2,4,,,3,2,,,,,,,,,,,,,2001824239.23438,183773.850706251
321,Erie City & County CoC,,PA-605,Pennsylvania,4334830,,,,,,,,,,,,,,,,,,,,,,0,0,0,0,0,,,,,69,0,0,109,7,86,19,,,33,4,,,,,,,,,,,,,3771197051.64453,365632.238136798
322,Puerto Rico Balance of Commonwealth CoC,,PR-502,Puerto Rico,22032114,,,,,,,,,,,,,,,,,,,,,,0,15,0,0,0,,,,,672,0,0,131,4,87,225,,,6,17,,,,,,,,,,,,,2998255376.78906,641934.445276136
323,South-Southeast Puerto Rico CoC,,PR-503,Puerto Rico,19893846,,,,,,,,,,,,,,,,,,,,,,0,0,0,0,0,,,,,865,0,0,10,24,14,130,,,11,25,,,,,,,,,,,,,6947752390.93652,1606357.00057932
324,Rhode Island Statewide CoC,,RI-500,Rhode Island,13825305,,,,,,,,,,,,,,,,,,,,,,0,0,0,0,0,,,,,527,0,0,870,7,636,300,,,109,21,,,,,,,,,,,,,5049965728.69922,1167333.05161684
325,Charleston/Low Country CoC,,SC-500,South Carolina,4547438,,,,,,,,,,,,,,,,,,,,,,0,0,0,0,0,,,,,265,2,1,78,19,16,123,,,64,16,,,,,,,,,,,,,20980246566.2793,3252322.59604207
326,"Greenville, Anderson, Spartanburg/Upstate CoC",,SC-501,South Carolina,7886049,,,,,,,,,,,,,,,,,,,,,,0,0,0,0,0,,,,,576,0,2,307,37,186,170,,,69,32,,,,,,,,,,,,,28808210926.543,998425.002038068
327,Columbia/Midlands CoC,,SC-502,South Carolina,7596960,,,,,,,,,,,,,,,,,,,,,,0,0,0,0,0,,,,,342,3,2,229,35,197,147,,,107,24,,,,,,,,,,,,,32795309011.7656,1414641.14797699
328,Sumter City & County CoC,,SC-503,South Carolina,4948000,,,,,,,,,,,,,,,,,,,,,,0,0,0,0,0,,,,,494,6,0,112,73,46,74,,,49,27,,,,,,,,,,,,,34110675775.1406,1304186.25313729
329,South Dakota Statewide CoC,,SD-500,South Dakota,2657812,,,,,,,,,,,,,,,,,,,,,,0,0,0,0,0,,,,,160,13,13,240,54,107,44,,,28,14,,,,,,,,,,,,,391980891090.934,2962957.78613623
330,Chattanooga/Southeast Tennessee CoC,,TN-500,Tennessee,3450949,,,,,,,,,,,,,,,,,,,,,,0,0,0,0,0,,,,,643,0,0,126,37,42,124,,,19,18,,,,,,,,,,,,,17370227773.8984,760847.081790568
331,Memphis/Shelby County CoC,,TN-501,Tennessee,7985574,,,,,,,,,,,,,,,,,,,,,,0,0,0,0,0,,,,,158,1,0,284,0,58,0,,,76,0,,,,,,,,,,,,,3035459907.57422,289870.99818233
332,Knoxville/Knox County CoC,,TN-502,Tennessee,2486876,,,,,,,,,,,,,,,,,,,,,,0,0,0,0,0,,,,,314,0,0,58,0,131,179,,,63,23,,,,,,,,,,,,,2085147363.07813,280422.632718737
333,Central Tennessee CoC,,TN-503,Tennessee,3492191,,,,,,,,,,,,,,,,,,,,,,0,0,0,0,0,,,,,93,0,0,51,2,12,20,,,0,3,,,,,,,,,,,,,35244447780.3438,1462630.43386892
334,Nashville-Davidson County CoC,,TN-504,Tennessee,6177766,,,,,,,,,,,,,,,,,,,,,,0,0,0,0,0,,,,,716,3,0,293,9,209,425,,,193,58,,,,,,,,,,,,,2091815087.99609,260792.981579205
335,Upper Cumberland CoC,,TN-506,Tennessee,2009143,,,,,,,,,,,,,,,,,,,,,,0,0,0,0,0,,,,,269,0,0,74,53,28,94,,,14,21,,,,,,,,,,,,,28175334275.2109,1068872.37290102
336,Jackson/West Tennessee CoC,,TN-507,Tennessee,2441287,,,,,,,,,,,,,,,,,,,,,,0,0,0,0,0,,,,,600,0,0,14,165,3,120,,,2,11,,,,,,,,,,,,,44856755008.6797,1241831.41353707
337,Appalachian Regional CoC,,TN-509,Tennessee,1985873,,,,,,,,,,,,,,,,,,,,,,0,0,0,0,0,,,,,345,2,0,55,70,11,77,,,27,13,,,,,,,,,,,,,11775747908.5273,661014.170628434
338,Murfreesboro/Rutherford County CoC,,TN-510,Tennessee,707304,,,,,,,,,,,,,,,,,,,,,,0,0,0,0,0,,,,,270,0,0,39,0,10,125,,,2,12,,,,,,,,,,,,,2464953611.74609,310154.010842622
339,"Morristown/Blount, Sevier, Campbell, Cocke Counties CoC",,TN-512,Tennessee,2374035,,,,,,,,,,,,,,,,,,,,,,0,0,0,0,0,,,,,402,0,9,117,193,13,42,,,2,13,,,,,,,,,,,,,19321274549.0664,1168029.96703359
340,San Antonio/Bexar County CoC,,TX-500,Texas,19519924,,,,,,,,,,,,,,,,,,,,,,0,0,0,0,0,,,,,881,1,0,963,33,320,145,,,222,27,,,,,,,,,,,,,4375527737.24609,403831.883300478
341,Austin/Travis County CoC,,TX-503,Texas,9652580,,,,,,,,,,,,,,,,,,,,,,0,0,0,0,0,,,,,1259,1,1,835,6,499,670,,,107,157,,,,,,,,,,,,,3626044080.76953,436041.861608077
342,"Dallas City & County, Irving CoC",,TX-600,Texas,27870591,,,,,,,,,,,,,,,,,,,,,,0,0,0,0,0,,,,,1068,17,0,787,18,303,360,,,235,52,,,,,,,,,,,,,7062593948.73047,683944.430600647
343,"Fort Worth, Arlington/Tarrant County CoC",,TX-601,Texas,16892239,,,,,,,,,,,,,,,,,,,,,,0,0,0,0,0,,,,,953,9,0,408,14,198,226,,,87,37,,,,,,,,,,,,,6786790026.67188,641117.814462838
344,El Paso City & County CoC,,TX-603,Texas,8638405,,,,,,,,,,,,,,,,,,,,,,0,0,0,0,0,,,,,182,6,0,281,7,49,50,,,56,24,,,,,,,,,,,,,3648806284.62891,293149.153681923
345,Waco/McLennan County CoC,,TX-604,Texas,2701965,,,,,,,,,,,,,,,,,,,,,,0,0,0,0,0,,,,,53,12,1,91,2,5,29,,,9,5,,,,,,,,,,,,,20256721437.1445,769670.520265627
346,Texas Balance of State CoC,,TX-607,Texas,65868251,,,,,,,,,,,,,,,,,,,,,,0,0,0,0,0,,,,,5631,27,63,1350,674,263,1488,,,229,339,,,,,,,,,,,,,816629466983.533,18651352.4217717
347,Amarillo CoC,,TX-611,Texas,1936701,,,,,,,,,,,,,,,,,,,,,,0,0,0,0,0,,,,,263,6,0,70,0,20,41,,,3,9,,,,,,,,,,,,,408850731.183594,171548.666619586
348,"Wichita Falls/Wise, Palo Pinto, Wichita, Archer Counties CoC",,TX-624,Texas,1881150,,,,,,,,,,,,,,,,,,,,,,0,0,0,0,0,,,,,71,10,0,55,0,4,0,,,11,13,,,,,,,,,,,,,52795736923.6445,1458482.94472186
349,"Houston, Pasadena, Conroe/Harris, Fort Bend, Montgomery Counties CoC",,TX-700,Texas,59059356,,,,,,,,,,,,,,,,,,,,,,0,0,0,0,0,,,,,1107,9,0,738,0,186,318,,,163,50,,,,,,,,,,,,,12937591675.8125,888104.1485818
350,"Bryan, College Station/Brazos Valley CoC",,TX-701,Texas,1530948,,,,,,,,,,,,,,,,,,,,,,0,0,0,0,0,,,,,52,0,0,7,0,4,15,,,1,1,,,,,,,,,,,,,19424991275.4883,839245.24423687
351,Salt Lake City & County CoC,,UT-500,Utah,7861972,,,,,,,,,,,,,,,,,,,,,,0,0,0,0,0,,,,,413,1,0,567,0,458,196,,,86,5,,,,,,,,,,,,,3659489233.92188,316743.812560527
352,Utah Balance of State CoC,,UT-503,Utah,3862165,,,,,,,,,,,,,,,,,,,,,,0,0,0,0,0,,,,,485,10,0,309,14,81,137,,,18,9,,,,,,,,,,,,,341231948055.902,3338986.65272621
353,Provo/Mountainland CoC,,UT-504,Utah,2692739,,,,,,,,,,,,,,,,,,,,,,0,0,0,0,0,,,,,96,6,0,56,0,5,29,,,2,1,,,,,,,,,,,,,23394469465.3438,1080998.67994264
354,"Richmond/Henrico, Chesterfield, Hanover Counties CoC",,VA-500,Virginia,8313865,,,,,,,,,,,,,,,,,,,,,,0,0,0,0,0,,,,,198,0,0,144,8,116,44,,,63,23,,,,,,,,,,,,,8982824547.47266,810511.677784645
355,"Norfolk, Chesapeake, Suffolk/Isle of Wight, Southampton Counties CoC",,VA-501,Virginia,6312514,,,,,,,,,,,,,,,,,,,,,,0,0,0,0,0,,,,,116,0,0,163,7,100,17,,,45,14,,,,,,,,,,,,,7078395433.99219,675942.815369206
356,"Roanoke City & County, Salem CoC",,VA-502,Virginia,2664732,,,,,,,,,,,,,,,,,,,,,,0,0,0,0,0,,,,,76,0,0,109,0,68,26,,,15,3,,,,,,,,,,,,,6766721126.57031,479620.851881597
357,Virginia Beach CoC,,VA-503,Virginia,2534098,,,,,,,,,,,,,,,,,,,,,,0,0,0,0,0,,,,,81,2,0,74,2,45,18,,,23,2,,,,,,,,,,,,,1062599305.48047,508162.373908013
358,Charlottesville CoC,,VA-504,Virginia,689592,,,,,,,,,,,,,,,,,,,,,,0,0,0,0,0,,,,,19,0,0,14,0,11,2,,,32,0,,,,,,,,,,,,,9046885507.26953,682455.473539652
359,"Newport News, Hampton/Virginia Peninsula CoC",,VA-505,Virginia,2377164,,,,,,,,,,,,,,,,,,,,,,0,0,0,0,0,,,,,50,0,0,117,0,56,8,,,37,2,,,,,,,,,,,,,1655223309.39844,761533.009364412
360,Portsmouth CoC,,VA-507,Virginia,1903989,,,,,,,,,,,,,,,,,,,,,,0,0,0,0,0,,,,,52,0,0,45,0,22,12,,,3,3,,,,,,,,,,,,,148893886.953125,75026.36524311
361,Lynchburg CoC,,VA-508,Virginia,796651,,,,,,,,,,,,,,,,,,,,,,0,0,0,0,0,,,,,73,0,0,26,0,1,6,,,7,3,,,,,,,,,,,,,8818450170.91406,556176.030834829
362,"Harrisonburg, Winchester/Western Virginia CoC",,VA-513,Virginia,1214878,,,,,,,,,,,,,,,,,,,,,,0,0,0,0,0,,,,,80,0,0,78,18,76,29,,,5,3,,,,,,,,,,,,,10746297204.8633,602093.385675874
363,"Fredericksburg/Spotsylvania, Stafford Counties CoC",,VA-514,Virginia,825676,,,,,,,,,,,,,,,,,,,,,,0,0,0,0,0,,,,,14,0,0,98,0,20,3,,,3,0,,,,,,,,,,,,,5963344466.58984,627419.137550538
364,Virginia Balance of State CoC,,VA-521,Virginia,6149108,,,,,,,,,,,,,,,,,,,,,,0,0,0,0,0,,,,,348,0,0,402,86,11,18,,,16,21,,,,,,,,,,,,,99047060965.0859,10452861.3529635
365,Arlington County CoC,,VA-600,Virginia,1618511,,,,,,,,,,,,,,,,,,,,,,0,0,0,0,0,,,,,31,0,0,74,0,21,14,,,9,4,,,,,,,,,,,,,111651713.941406,52664.9691437936
366,Fairfax County CoC,,VA-601,Virginia,7066111,,,,,,,,,,,,,,,,,,,,,,0,0,0,0,0,,,,,86,3,0,694,0,129,55,,,24,2,,,,,,,,,,,,,1733206152.19922,275977.629574515
367,Loudoun County CoC,,VA-602,Virginia,653791,,,,,,,,,,,,,,,,,,,,,,0,0,0,0,0,,,,,118,0,0,81,11,15,26,,,3,6,,,,,,,,,,,,,2244545950.10156,241328.394363961
368,Alexandria CoC,,VA-603,Virginia,496876,,,,,,,,,,,,,,,,,,,,,,0,0,0,0,0,,,,,18,0,0,84,0,2,16,,,2,0,,,,,,,,,,,,,64682674.7109375,45126.1613071243
369,Prince William County CoC,,VA-604,Virginia,3115495,,,,,,,,,,,,,,,,,,,,,,0,0,0,0,0,,,,,89,0,0,141,0,21,28,,,9,7,,,,,,,,,,,,,1504475296.45313,269375.483467636
370,Virgin Islands CoC,,VI-500,Virgin Islands,1445672,,,,,,,,,,,,,,,,,,,,,,0,0,0,0,0,,,,,203,0,0,28,2,18,0,,,0,9,,,,,,,,,,,,,387301381.102539,470135.16893197
371,Vermont Balance of State CoC,,VT-500,Vermont,2796509,,,,,,,,,,,,,,,,,,,,,,0,0,0,0,0,,,,,80,0,0,1037,0,674,6,,,78,3,,,,,,,,,,,,,45115188460.5195,1461107.89084417
372,Burlington/Chittenden County CoC,,VT-501,Vermont,870224,,,,,,,,,,,,,,,,,,,,,,0,0,0,0,0,,,,,87,0,0,268,0,170,56,,,24,3,,,,,,,,,,,,,3156104547.42188,282822.470037672
373,Seattle/King County CoC,,WA-500,Washington,17631784,,,,,,,,,,,,,,,,,,,,,,0,0,0,0,0,,,,,9177,43,107,3175,526,1991,6406,,,225,792,,,,,,,,,,,,,12425396130.2734,817863.457364983
374,Washington Balance of State CoC,,WA-501,Washington,9078995,,,,,,,,,,,,,,,,,,,,,,0,41,0,0,41,,,,,3031,32,22,1561,406,782,1771,,,220,137,,,,,,,,,,,,,334229219710.055,8907909.97929431
375,Spokane City & County CoC,,WA-502,Washington,5807903,,,,,,,,,,,,,,,,,,,,,,0,0,0,0,0,,,,,428,21,0,333,15,276,255,,,88,33,,,,,,,,,,,,,10147173734.7656,462422.164325005
376,"Tacoma, Lakewood/Pierce County CoC",,WA-503,Washington,6944373,,,,,,,,,,,,,,,,,,,,,,0,0,0,0,0,,,,,1189,12,4,460,23,441,210,,,165,38,,,,,,,,,,,,,9413678025.29688,1025021.10855339
377,Everett/Snohomish County CoC,,WA-504,Washington,4505900,,,,,,,,,,,,,,,,,,,,,,0,0,0,0,0,,,,,583,19,1,222,41,223,426,,,13,30,,,,,,,,,,,,,12212751068.6719,622535.361730984
378,Vancouver/Clark County CoC,,WA-508,Washington,1340078,,,,,,,,,,,,,,,,,,,,,,0,0,0,0,0,,,,,463,5,1,267,205,226,117,,,21,18,,,,,,,,,,,,,3512835488.45313,302740.903991548
379,Wisconsin Balance of State CoC,,WI-500,Wisconsin,16114174,,,,,,,,,,,,,,,,,,,,,,0,0,0,0,0,,,,,283,9,0,1317,58,381,132,,,159,16,,,,,,,,,,,,,278396193522.355,4529283.16697162
380,Milwaukee City & County CoC,,WI-501,Wisconsin,22111423,,,,,,,,,,,,,,,,,,,,,,0,0,0,0,0,,,,,58,10,0,242,3,34,6,,,94,0,,,,,,,,,,,,,1177564462.78516,173503.537877159
381,Racine City & County CoC,,WI-502,Wisconsin,2497647,,,,,,,,,,,,,,,,,,,,,,0,0,0,0,0,,,,,19,1,0,76,0,14,4,,,33,3,,,,,,,,,,,,,1636338285.64063,191188.650630325
382,Madison/Dane County CoC,,WI-503,Wisconsin,2892299,,,,,,,,,,,,,,,,,,,,,,0,0,0,0,0,,,,,87,2,0,215,2,171,37,,,42,4,,,,,,,,,,,,,6012458397.76172,322678.377010191
383,"Wheeling, Weirton Area CoC",,WV-500,West Virginia,1118704,,,,,,,,,,,,,,,,,,,,,,0,0,0,0,0,,,,,42,1,0,9,0,36,20,,,9,0,,,,,,,,,,,,,4242474418.25391,497313.304017618
384,"Huntington/Cabell, Wayne Counties CoC",,WV-501,West Virginia,2216750,,,,,,,,,,,,,,,,,,,,,,0,0,0,0,0,,,,,70,0,0,41,0,27,5,,,16,5,,,,,,,,,,,,,3365116152.11719,363080.199957156
385,"Charleston/Kanawha, Putnam, Boone, Clay Counties CoC",,WV-503,West Virginia,2583555,,,,,,,,,,,,,,,,,,,,,,0,0,0,0,0,,,,,142,9,0,28,0,15,66,,,24,10,,,,,,,,,,,,,8887021255.8125,635779.061137802
386,West Virginia Balance of State CoC,,WV-508,West Virginia,5627235,,,,,,,,,,,,,,,,,,,,,,0,0,0,0,0,,,,,519,0,1,95,14,104,113,,,43,25,,,,,,,,,,,,,86551320581.5664,3009402.67138598
387,Wyoming Statewide CoC,,WY-500,Wyoming,1697967,,,,,,,,,,,,,,,,,,,,,,0,0,0,0,0,,,,,75,20,2,90,12,90,36,,,34,3,,,,,,,,,,,,,474197341072.492,2777133.208449
